name,make,model,build_date,odometer,body_type,fuel,transmission,seats,auctioneer,deadline,link_to_auction,link_to_condition_report,other_specs,unique_identifier,hours,state,redbook_code,redbook_average_wholesale,current_market_retail,auction_registration_link,vin,date_listed,name_of_auction
2022 Subaru Outback,Subaru,Outback,2022,86253,Wagon,Petrol,Automatic,Couldnot Find,Carlins Online,09/12/2024,https://www.carlins.com.au/auctions/catalogues/2969804/2022-subaru-outback-awd-sport-b7a-my22?filterid=19551c425c,https://www.carlins.com.au/auctions/catalogues/2969804/2022-subaru-outback-awd-sport-b7a-my22?filterid=19551c425c,Awd Sport B7A My22 4Wd   Silverbuild     Exp15/09/2025,2022SubaruOutback86253,48,Vic,soon to come,soon to come,soon to come,https://www.carlins.com.au/auctions/catalogues/2970165/2018-mazda-bt-50-xt-hi-rider-dual-cab-ur0yg1?filterid=86dcad24bf,,,
2022 Subaru Outback,Subaru,Outback,2022,86253,Wagon,Petrol,Automatic,,Carlins Online,09/12/2024,https://www.carlins.com.au/auctions/catalogues/2969804/2022-subaru-outback-awd-sport-b7a-my22?filterid=19551c425c,https://www.carlins.com.au/auctions/catalogues/2969804/2022-subaru-outback-awd-sport-b7a-my22?filterid=19551c425c,Awd Sport B7A My22 4Wd   Silverbuild     Exp15/09/2025,2022SubaruOutback86253,48,Vic,,,,https://www.carlins.com.au/auctions/catalogues/2970165/2018-mazda-bt-50-xt-hi-rider-dual-cab-ur0yg1?filterid=86dcad24bf,,,
2024 Lexus Nx Nx350H,Lexus,Nx Nx350H,2024,4490,Wagon,Hybrid,Automatic,,Carlins Online,09/12/2024,https://www.carlins.com.au/auctions/catalogues/2976105/2024-lexus-nx-nx350h-sports-luxury-aazh20r?filterid=19551c425c,https://www.carlins.com.au/auctions/catalogues/2976105/2024-lexus-nx-nx350h-sports-luxury-aazh20r?filterid=19551c425c,Sports Luxury Aazh20R Fwd   Greybuild     Exp16/07/2025,2024LexusNx Nx350H4490,48,Vic,,,,https://www.carlins.com.au/auctions/catalogues/2970165/2018-mazda-bt-50-xt-hi-rider-dual-cab-ur0yg1?filterid=86dcad24bf,,,
2024 Lexus Nx Nx350H,Lexus,Nx Nx350H,2024,4490,Wagon,Hybrid,Automatic,,Carlins Online,09/12/2024,https://www.carlins.com.au/auctions/catalogues/2976105/2024-lexus-nx-nx350h-sports-luxury-aazh20r?filterid=19551c425c,https://www.carlins.com.au/auctions/catalogues/2976105/2024-lexus-nx-nx350h-sports-luxury-aazh20r?filterid=19551c425c,Sports Luxury Aazh20R Fwd   Greybuild     Exp16/07/2025,2024LexusNx Nx350H4490,48,Vic,,,,https://www.carlins.com.au/auctions/catalogues/2970165/2018-mazda-bt-50-xt-hi-rider-dual-cab-ur0yg1?filterid=86dcad24bf,,,
2012 Mercedes-Benz C-Class C63,Mercedes-Benz,C-Class C63,2024,4490,Wagon,Hybrid,Automatic,,Carlins Online,09/01/2024,https://www.carlins.com.au/auctions/catalogues/2976105/2024-lexus-nx-nx350h-sports-luxury-aazh20r?filterid=19551c425c,https://www.carlins.com.au/auctions/catalogues/2976105/2024-lexus-nx-nx350h-sports-luxury-aazh20r?filterid=19551c425c,Sports Luxury Aazh20R Fwd   Greybuild     Exp16/07/2025,2024LexusNx Nx350H4490,48,Vic,,,,https://www.carlins.com.au/auctions/catalogues/2970165/2018-mazda-bt-50-xt-hi-rider-dual-cab-ur0yg1?filterid=86dcad24bf,,,
2024 Lexus Nx Nx350H,Lexus,Nx Nx350H,2024,4490,Wagon,Hybrid,Automatic,,Carlins Online,09/01/2024,https://www.carlins.com.au/auctions/catalogues/2976105/2024-lexus-nx-nx350h-sports-luxury-aazh20r?filterid=19551c425c,https://www.carlins.com.au/auctions/catalogues/2976105/2024-lexus-nx-nx350h-sports-luxury-aazh20r?filterid=19551c425c,Sports Luxury Aazh20R Fwd   Greybuild     Exp16/07/2025,2024LexusNx Nx350H4490,48,Vic,,,,https://www.carlins.com.au/auctions/catalogues/2970165/2018-mazda-bt-50-xt-hi-rider-dual-cab-ur0yg1?filterid=86dcad24bf,,,
2015 Holden Commodore,Holden,Commodore,2015,108951,Sedan,Petrol,Automatic,,Carlins Online,08/01/2025,https://www.carlins.com.au/auctions/catalogues/2975104/2015-holden-commodore-sv6-vf-my15?filterid=19551c425c,https://www.carlins.com.au/auctions/catalogues/2975104/2015-holden-commodore-sv6-vf-my15?filterid=19551c425c,Sv6 Vf My15 Rwd   Blackbuild     Exp30/04/2025,2015HoldenCommodore108951,48,Vic,,,,https://www.carlins.com.au/auctions/catalogues/2970165/2018-mazda-bt-50-xt-hi-rider-dual-cab-ur0yg1?filterid=86dcad24bf,,,
2015 Holden Commodore,Holden,Commodore,2015,108951,Sedan,Petrol,Automatic,,Carlins Online,08/01/2025,https://www.carlins.com.au/auctions/catalogues/2975104/2015-holden-commodore-sv6-vf-my15?filterid=19551c425c,https://www.carlins.com.au/auctions/catalogues/2975104/2015-holden-commodore-sv6-vf-my15?filterid=19551c425c,Sv6 Vf My15 Rwd   Blackbuild     Exp30/04/2025,2015HoldenCommodore108951,48,Vic,,,,https://www.carlins.com.au/auctions/catalogues/2970165/2018-mazda-bt-50-xt-hi-rider-dual-cab-ur0yg1?filterid=86dcad24bf,,,
2018 Honda Civic,Honda,Civic,2018,185490,Hatchback,Petrol,Automatic,,Carlins Online,08/01/2025,https://www.carlins.com.au/auctions/catalogues/2976026/2018-honda-civic-vti-s-10th-gen-my18?filterid=19551c425c,https://www.carlins.com.au/auctions/catalogues/2976026/2018-honda-civic-vti-s-10th-gen-my18?filterid=19551c425c,Vti-S 10Th Gen My18 Fwd   Blackbuild     Exp13/08/2025,2018HondaCivic185490,48,Vic,,,,https://www.carlins.com.au/auctions/catalogues/2970165/2018-mazda-bt-50-xt-hi-rider-dual-cab-ur0yg1?filterid=86dcad24bf,,,
2018 Honda Civic,Honda,Civic,2018,185490,Hatchback,Petrol,Automatic,,Carlins Online,08/01/2025,https://www.carlins.com.au/auctions/catalogues/2976026/2018-honda-civic-vti-s-10th-gen-my18?filterid=19551c425c,https://www.carlins.com.au/auctions/catalogues/2976026/2018-honda-civic-vti-s-10th-gen-my18?filterid=19551c425c,Vti-S 10Th Gen My18 Fwd   Blackbuild     Exp13/08/2025,2018HondaCivic185490,48,Vic,,,,https://www.carlins.com.au/auctions/catalogues/2970165/2018-mazda-bt-50-xt-hi-rider-dual-cab-ur0yg1?filterid=86dcad24bf,,,
2015 Kia Sportage,Kia,Sportage,2015,95167,Wagon,Petrol,Automatic,,Carlins Online,08/01/2025,https://www.carlins.com.au/auctions/catalogues/2976199/2015-kia-sportage-si-premium-sl-my15?filterid=19551c425c,https://www.carlins.com.au/auctions/catalogues/2976199/2015-kia-sportage-si-premium-sl-my15?filterid=19551c425c,Si Premium Sl My15 Fwd   Whitebuild     Exp04/04/2025,2015KiaSportage95167,48,Vic,,,,https://www.carlins.com.au/auctions/catalogues/2970165/2018-mazda-bt-50-xt-hi-rider-dual-cab-ur0yg1?filterid=86dcad24bf,,,
2015 Kia Sportage,Kia,Sportage,2015,95167,Wagon,Petrol,Automatic,,Carlins Online,08/01/2025,https://www.carlins.com.au/auctions/catalogues/2976199/2015-kia-sportage-si-premium-sl-my15?filterid=19551c425c,https://www.carlins.com.au/auctions/catalogues/2976199/2015-kia-sportage-si-premium-sl-my15?filterid=19551c425c,Si Premium Sl My15 Fwd   Whitebuild     Exp04/04/2025,2015KiaSportage95167,48,Vic,,,,https://www.carlins.com.au/auctions/catalogues/2970165/2018-mazda-bt-50-xt-hi-rider-dual-cab-ur0yg1?filterid=86dcad24bf,,,
2019 Mercedes-Benz C-Class C220,Mercedes-Benz,C-Class C220,2019,108593,Sedan,Diesel,Automatic,,Carlins Online,08/01/2025,https://www.carlins.com.au/auctions/catalogues/2976216/2019-mercedes-benz-c-class-c220-d-w205?filterid=19551c425c,https://www.carlins.com.au/auctions/catalogues/2976216/2019-mercedes-benz-c-class-c220-d-w205?filterid=19551c425c,D W205 Rwd   Blackbuild     Exp22/09/2025,2019Mercedes-BenzC-Class C220108593,48,Vic,,,,https://www.carlins.com.au/auctions/catalogues/2970165/2018-mazda-bt-50-xt-hi-rider-dual-cab-ur0yg1?filterid=86dcad24bf,,,
2019 Mercedes-Benz C-Class C220,Mercedes-Benz,C-Class C220,2019,108593,Sedan,Diesel,Automatic,,Carlins Online,08/01/2025,https://www.carlins.com.au/auctions/catalogues/2976216/2019-mercedes-benz-c-class-c220-d-w205?filterid=19551c425c,https://www.carlins.com.au/auctions/catalogues/2976216/2019-mercedes-benz-c-class-c220-d-w205?filterid=19551c425c,D W205 Rwd   Blackbuild     Exp22/09/2025,2019Mercedes-BenzC-Class C220108593,48,Vic,,,,https://www.carlins.com.au/auctions/catalogues/2970165/2018-mazda-bt-50-xt-hi-rider-dual-cab-ur0yg1?filterid=86dcad24bf,,,
2015 Audi A3,Audi,A3,2015,107372,Hatchback,Hybrid,Automatic,,Carlins Online,08/01/2025,https://www.carlins.com.au/auctions/catalogues/2975948/2015-audi-a3-e-tron-8v-my15?filterid=19551c425c,https://www.carlins.com.au/auctions/catalogues/2975948/2015-audi-a3-e-tron-8v-my15?filterid=19551c425c,E-Tron 8V My15 Fwd   Silverbuild     Exp22/05/2025,2015AudiA3107372,48,Vic,,,,https://www.carlins.com.au/auctions/catalogues/2970165/2018-mazda-bt-50-xt-hi-rider-dual-cab-ur0yg1?filterid=86dcad24bf,,,
2015 Audi A3,Audi,A3,2015,107372,Hatchback,Hybrid,Automatic,,Carlins Online,08/01/2025,https://www.carlins.com.au/auctions/catalogues/2975948/2015-audi-a3-e-tron-8v-my15?filterid=19551c425c,https://www.carlins.com.au/auctions/catalogues/2975948/2015-audi-a3-e-tron-8v-my15?filterid=19551c425c,E-Tron 8V My15 Fwd   Silverbuild     Exp22/05/2025,2015AudiA3107372,48,Vic,,,,https://www.carlins.com.au/auctions/catalogues/2970165/2018-mazda-bt-50-xt-hi-rider-dual-cab-ur0yg1?filterid=86dcad24bf,,,
2014 Mercedes-Benz A-Class A200,Mercedes-Benz,A-Class A200,2014,109204,Hatchback,Petrol,Automatic,,Carlins Online,08/01/2025,https://www.carlins.com.au/auctions/catalogues/2978040/2014-mercedes-benz-a-class-a200-w176?filterid=19551c425c,https://www.carlins.com.au/auctions/catalogues/2978040/2014-mercedes-benz-a-class-a200-w176?filterid=19551c425c,W176 Fwd   Whitebuild2013     Exp07/03/2025,2014Mercedes-BenzA-Class A200109204,48,Vic,,,,https://www.carlins.com.au/auctions/catalogues/2970165/2018-mazda-bt-50-xt-hi-rider-dual-cab-ur0yg1?filterid=86dcad24bf,,,
2014 Mercedes-Benz A-Class A200,Mercedes-Benz,A-Class A200,2014,109204,Hatchback,Petrol,Automatic,,Carlins Online,08/01/2025,https://www.carlins.com.au/auctions/catalogues/2978040/2014-mercedes-benz-a-class-a200-w176?filterid=19551c425c,https://www.carlins.com.au/auctions/catalogues/2978040/2014-mercedes-benz-a-class-a200-w176?filterid=19551c425c,W176 Fwd   Whitebuild2013     Exp07/03/2025,2014Mercedes-BenzA-Class A200109204,48,Vic,,,,https://www.carlins.com.au/auctions/catalogues/2970165/2018-mazda-bt-50-xt-hi-rider-dual-cab-ur0yg1?filterid=86dcad24bf,,,
2016 Mercedes-Benz Gla-Class Gla180,Mercedes-Benz,Gla-Class Gla180,2016,195795,Wagon,Petrol,Automatic,,Carlins Online,08/01/2025,https://www.carlins.com.au/auctions/catalogues/2976219/2016-mercedes-benz-gla-class-gla180-x156?filterid=19551c425c,https://www.carlins.com.au/auctions/catalogues/2976219/2016-mercedes-benz-gla-class-gla180-x156?filterid=19551c425c,X156 Fwd   Greybuild2015     Exp27/01/2025,2016Mercedes-BenzGla-Class Gla180195795,48,Vic,,,,https://www.carlins.com.au/auctions/catalogues/2970165/2018-mazda-bt-50-xt-hi-rider-dual-cab-ur0yg1?filterid=86dcad24bf,,,
2016 Mercedes-Benz Gla-Class Gla180,Mercedes-Benz,Gla-Class Gla180,2016,195795,Wagon,Petrol,Automatic,,Carlins Online,08/01/2025,https://www.carlins.com.au/auctions/catalogues/2976219/2016-mercedes-benz-gla-class-gla180-x156?filterid=19551c425c,https://www.carlins.com.au/auctions/catalogues/2976219/2016-mercedes-benz-gla-class-gla180-x156?filterid=19551c425c,X156 Fwd   Greybuild2015     Exp27/01/2025,2016Mercedes-BenzGla-Class Gla180195795,48,Vic,,,,https://www.carlins.com.au/auctions/catalogues/2970165/2018-mazda-bt-50-xt-hi-rider-dual-cab-ur0yg1?filterid=86dcad24bf,,,
2015 Volvo Xc90 D5,Volvo,Xc90 D5,2015,173716,Wagon,Diesel,Automatic,,Carlins Online,08/01/2025,https://www.carlins.com.au/auctions/catalogues/2972112/2015-volvo-xc90-d5-inscription-l-series-my16?filterid=19551c425c,https://www.carlins.com.au/auctions/catalogues/2972112/2015-volvo-xc90-d5-inscription-l-series-my16?filterid=19551c425c,Inscription L Series My16 4Wd   Whitebuild     Exp13/12/2024,2015VolvoXc90 D5173716,48,Vic,,,,https://www.carlins.com.au/auctions/catalogues/2970165/2018-mazda-bt-50-xt-hi-rider-dual-cab-ur0yg1?filterid=86dcad24bf,,,
2015 Volvo Xc90 D5,Volvo,Xc90 D5,2015,173716,Wagon,Diesel,Automatic,,Carlins Online,08/01/2025,https://www.carlins.com.au/auctions/catalogues/2972112/2015-volvo-xc90-d5-inscription-l-series-my16?filterid=19551c425c,https://www.carlins.com.au/auctions/catalogues/2972112/2015-volvo-xc90-d5-inscription-l-series-my16?filterid=19551c425c,Inscription L Series My16 4Wd   Whitebuild     Exp13/12/2024,2015VolvoXc90 D5173716,48,Vic,,,,https://www.carlins.com.au/auctions/catalogues/2970165/2018-mazda-bt-50-xt-hi-rider-dual-cab-ur0yg1?filterid=86dcad24bf,,,
2017 Land Rover Discovery,Land,Rover Discovery,2017,107279,Wagon,Diesel,Automatic,,Carlins Online,08/01/2025,https://www.carlins.com.au/auctions/catalogues/2975972/2017-land-rover-discovery-sd4-hse-series-5-l462-my17?filterid=19551c425c,https://www.carlins.com.au/auctions/catalogues/2975972/2017-land-rover-discovery-sd4-hse-series-5-l462-my17?filterid=19551c425c,Sd4 Hse Series 5 L462 My17 4Wd   Whitebuild     Exp,2017LandRover Discovery107279,48,Vic,,,,https://www.carlins.com.au/auctions/catalogues/2970165/2018-mazda-bt-50-xt-hi-rider-dual-cab-ur0yg1?filterid=86dcad24bf,,,
2017 Land Rover Discovery,Land,Rover Discovery,2017,107279,Wagon,Diesel,Automatic,,Carlins Online,08/01/2025,https://www.carlins.com.au/auctions/catalogues/2975972/2017-land-rover-discovery-sd4-hse-series-5-l462-my17?filterid=19551c425c,https://www.carlins.com.au/auctions/catalogues/2975972/2017-land-rover-discovery-sd4-hse-series-5-l462-my17?filterid=19551c425c,Sd4 Hse Series 5 L462 My17 4Wd   Whitebuild     Exp,2017LandRover Discovery107279,48,Vic,,,,https://www.carlins.com.au/auctions/catalogues/2970165/2018-mazda-bt-50-xt-hi-rider-dual-cab-ur0yg1?filterid=86dcad24bf,,,
2016 Mercedes-Benz Gla-Class Gla180,Mercedes-Benz,Gla-Class Gla180,2016,59107,Wagon,Petrol,Automatic,,Carlins Online,08/01/2025,https://www.carlins.com.au/auctions/catalogues/2977690/2016-mercedes-benz-gla-class-gla180-x156?filterid=19551c425c,https://www.carlins.com.au/auctions/catalogues/2977690/2016-mercedes-benz-gla-class-gla180-x156?filterid=19551c425c,X156 Fwd   Bluebuild     Exp28/10/2025,2016Mercedes-BenzGla-Class Gla18059107,48,Vic,,,,https://www.carlins.com.au/auctions/catalogues/2970165/2018-mazda-bt-50-xt-hi-rider-dual-cab-ur0yg1?filterid=86dcad24bf,,,
2016 Mercedes-Benz Gla-Class Gla180,Mercedes-Benz,Gla-Class Gla180,2016,59107,Wagon,Petrol,Automatic,,Carlins Online,08/01/2025,https://www.carlins.com.au/auctions/catalogues/2977690/2016-mercedes-benz-gla-class-gla180-x156?filterid=19551c425c,https://www.carlins.com.au/auctions/catalogues/2977690/2016-mercedes-benz-gla-class-gla180-x156?filterid=19551c425c,X156 Fwd   Bluebuild     Exp28/10/2025,2016Mercedes-BenzGla-Class Gla18059107,48,Vic,,,,https://www.carlins.com.au/auctions/catalogues/2970165/2018-mazda-bt-50-xt-hi-rider-dual-cab-ur0yg1?filterid=86dcad24bf,,,
2018 Mazda Cx-5 Akera,Mazda,Cx-5 Akera,2018,42018,Wagon,Petrol,Automatic,,Carlins Online,08/01/2025,https://www.carlins.com.au/auctions/catalogues/2971152/2018-mazda-cx-5-akera-kf4wla?filterid=19551c425c,https://www.carlins.com.au/auctions/catalogues/2971152/2018-mazda-cx-5-akera-kf4wla?filterid=19551c425c,Kf4Wla 4Wd   Blackbuild     Exp12/01/2025,2018MazdaCx-5 Akera42018,48,Vic,,,,https://www.carlins.com.au/auctions/catalogues/2970165/2018-mazda-bt-50-xt-hi-rider-dual-cab-ur0yg1?filterid=86dcad24bf,,,
2018 Mazda Cx-5 Akera,Mazda,Cx-5 Akera,2018,42018,Wagon,Petrol,Automatic,,Carlins Online,08/01/2025,https://www.carlins.com.au/auctions/catalogues/2971152/2018-mazda-cx-5-akera-kf4wla?filterid=19551c425c,https://www.carlins.com.au/auctions/catalogues/2971152/2018-mazda-cx-5-akera-kf4wla?filterid=19551c425c,Kf4Wla 4Wd   Blackbuild     Exp12/01/2025,2018MazdaCx-5 Akera42018,48,Vic,,,,https://www.carlins.com.au/auctions/catalogues/2970165/2018-mazda-bt-50-xt-hi-rider-dual-cab-ur0yg1?filterid=86dcad24bf,,,
2016 Kia Carnival,Kia,Carnival,2016,137190,Wagon,Petrol,Automatic,,Carlins Online,08/01/2025,https://www.carlins.com.au/auctions/catalogues/2975983/2016-kia-carnival-si-yp-my16?filterid=19551c425c,https://www.carlins.com.au/auctions/catalogues/2975983/2016-kia-carnival-si-yp-my16?filterid=19551c425c,Si Yp My16 Fwd   Whitebuild     Exp14/06/2025,2016KiaCarnival137190,48,Vic,,,,https://www.carlins.com.au/auctions/catalogues/2970165/2018-mazda-bt-50-xt-hi-rider-dual-cab-ur0yg1?filterid=86dcad24bf,,,
2016 Kia Carnival,Kia,Carnival,2016,137190,Wagon,Petrol,Automatic,,Carlins Online,08/01/2025,https://www.carlins.com.au/auctions/catalogues/2975983/2016-kia-carnival-si-yp-my16?filterid=19551c425c,https://www.carlins.com.au/auctions/catalogues/2975983/2016-kia-carnival-si-yp-my16?filterid=19551c425c,Si Yp My16 Fwd   Whitebuild     Exp14/06/2025,2016KiaCarnival137190,48,Vic,,,,https://www.carlins.com.au/auctions/catalogues/2970165/2018-mazda-bt-50-xt-hi-rider-dual-cab-ur0yg1?filterid=86dcad24bf,,,
2018 Mitsubishi Triton,Mitsubishi,Triton,2018,220764,Cab Chassis,Diesel,Automatic,,Carlins Online,08/01/2025,https://www.carlins.com.au/auctions/catalogues/2976183/2018-mitsubishi-triton-glx-dual-cab-mq-my18?filterid=19551c425c,https://www.carlins.com.au/auctions/catalogues/2976183/2018-mitsubishi-triton-glx-dual-cab-mq-my18?filterid=19551c425c,Glx Dual Cab Mq My18 4Wd   Whitebuild     Exp23/07/2025,2018MitsubishiTriton220764,48,Vic,,,,https://www.carlins.com.au/auctions/catalogues/2970165/2018-mazda-bt-50-xt-hi-rider-dual-cab-ur0yg1?filterid=86dcad24bf,,,
2018 Mitsubishi Triton,Mitsubishi,Triton,2018,220764,Cab Chassis,Diesel,Automatic,,Carlins Online,08/01/2025,https://www.carlins.com.au/auctions/catalogues/2976183/2018-mitsubishi-triton-glx-dual-cab-mq-my18?filterid=19551c425c,https://www.carlins.com.au/auctions/catalogues/2976183/2018-mitsubishi-triton-glx-dual-cab-mq-my18?filterid=19551c425c,Glx Dual Cab Mq My18 4Wd   Whitebuild     Exp23/07/2025,2018MitsubishiTriton220764,48,Vic,,,,https://www.carlins.com.au/auctions/catalogues/2970165/2018-mazda-bt-50-xt-hi-rider-dual-cab-ur0yg1?filterid=86dcad24bf,,,
2014 Holden Commodore,Holden,Commodore,2014,150958,Sedan,Petrol,Automatic,,Carlins Online,08/01/2025,https://www.carlins.com.au/auctions/catalogues/2977726/2014-holden-commodore-ss-v-vf?filterid=19551c425c,https://www.carlins.com.au/auctions/catalogues/2977726/2014-holden-commodore-ss-v-vf?filterid=19551c425c,Ss V Vf Rwd   Blackbuild     Exp26/03/2025,2014HoldenCommodore150958,48,Vic,,,,https://www.carlins.com.au/auctions/catalogues/2970165/2018-mazda-bt-50-xt-hi-rider-dual-cab-ur0yg1?filterid=86dcad24bf,,,
2014 Holden Commodore,Holden,Commodore,2010,115760,Hatchback,Petrol,Manual,,Carlins Online,16/12/2024,https://www.carlins.com.au/auctions/catalogues/2961833/2010-volkswagen-golf-gti-vi-my10?filterid=86dcad24bf,https://www.carlins.com.au/auctions/catalogues/2961833/2010-volkswagen-golf-gti-vi-my10?filterid=86dcad24bf,Gti Vi My10 Fwd   Greybuild     Exp27/05/2025,2010VolkswagenGolf115760,24,NSW,,,,https://www.carlins.com.au/auctions/catalogues/2970165/2018-mazda-bt-50-xt-hi-rider-dual-cab-ur0yg1?filterid=86dcad24bf,,,
2015 Audi Q3,Audi,Q3,2015,166370,Wagon,Petrol,Automatic,,Carlins Online,16/12/2024,https://www.carlins.com.au/auctions/catalogues/2968406/2015-audi-q3-tfsi-8u-my15?filterid=86dcad24bf,https://www.carlins.com.au/auctions/catalogues/2968406/2015-audi-q3-tfsi-8u-my15?filterid=86dcad24bf,Tfsi 8U My15 Fwd   Blackbuild     Exp15/06/2025,2015AudiQ3166370,24,NSW,,,,https://www.carlins.com.au/auctions/catalogues/2970165/2018-mazda-bt-50-xt-hi-rider-dual-cab-ur0yg1?filterid=86dcad24bf,,,
2015 Audi Q3,Audi,Q3,2015,166370,Wagon,Petrol,Automatic,,Carlins Online,16/12/2024,https://www.carlins.com.au/auctions/catalogues/2968406/2015-audi-q3-tfsi-8u-my15?filterid=86dcad24bf,https://www.carlins.com.au/auctions/catalogues/2968406/2015-audi-q3-tfsi-8u-my15?filterid=86dcad24bf,Tfsi 8U My15 Fwd   Blackbuild     Exp15/06/2025,2015AudiQ3166370,24,NSW,,,,https://www.carlins.com.au/auctions/catalogues/2970165/2018-mazda-bt-50-xt-hi-rider-dual-cab-ur0yg1?filterid=86dcad24bf,,,
2019 Ldv V80 Low,Ldv,V80 Low,2019,48038,Van,Diesel,Automatic,,Carlins Online,16/12/2024,https://www.carlins.com.au/auctions/catalogues/2968331/2019-ldv-v80-low-roof-short-wheel?filterid=86dcad24bf,https://www.carlins.com.au/auctions/catalogues/2968331/2019-ldv-v80-low-roof-short-wheel?filterid=86dcad24bf,Roof Short Wheel  Fwd   Whitebuild     Exp17/12/2024,2019LdvV80 Low48038,24,NSW,,,,https://www.carlins.com.au/auctions/catalogues/2970165/2018-mazda-bt-50-xt-hi-rider-dual-cab-ur0yg1?filterid=86dcad24bf,,,
2019 Ldv V80 Low,Ldv,V80 Low,2019,48038,Van,Diesel,Automatic,,Carlins Online,16/12/2024,https://www.carlins.com.au/auctions/catalogues/2968331/2019-ldv-v80-low-roof-short-wheel?filterid=86dcad24bf,https://www.carlins.com.au/auctions/catalogues/2968331/2019-ldv-v80-low-roof-short-wheel?filterid=86dcad24bf,Roof Short Wheel  Fwd   Whitebuild     Exp17/12/2024,2019LdvV80 Low48038,24,NSW,,,,https://www.carlins.com.au/auctions/catalogues/2970165/2018-mazda-bt-50-xt-hi-rider-dual-cab-ur0yg1?filterid=86dcad24bf,,,
2008 Mini Hatch Cooper,Mini,Hatch Cooper,2008,61347,Hatchback,Petrol,Manual,,Carlins Online,16/12/2024,https://www.carlins.com.au/auctions/catalogues/2972092/2008-mini-hatch-cooper-s-chilli-r56?filterid=86dcad24bf,https://www.carlins.com.au/auctions/catalogues/2972092/2008-mini-hatch-cooper-s-chilli-r56?filterid=86dcad24bf,S Chilli R56 Fwd   Silverbuild     Exp,2008MiniHatch Cooper61347,24,NSW,,,,https://www.carlins.com.au/auctions/catalogues/2970165/2018-mazda-bt-50-xt-hi-rider-dual-cab-ur0yg1?filterid=86dcad24bf,,,
2008 Mini Hatch Cooper,Mini,Hatch Cooper,2008,61347,Hatchback,Petrol,Manual,,Carlins Online,16/12/2024,https://www.carlins.com.au/auctions/catalogues/2972092/2008-mini-hatch-cooper-s-chilli-r56?filterid=86dcad24bf,https://www.carlins.com.au/auctions/catalogues/2972092/2008-mini-hatch-cooper-s-chilli-r56?filterid=86dcad24bf,S Chilli R56 Fwd   Silverbuild     Exp,2008MiniHatch Cooper61347,24,NSW,,,,https://www.carlins.com.au/auctions/catalogues/2970165/2018-mazda-bt-50-xt-hi-rider-dual-cab-ur0yg1?filterid=86dcad24bf,,,
2017 Volkswagen Tiguan,Volkswagen,Tiguan,2017,177563,Wagon,Petrol,Manual,,Carlins Online,16/12/2024,https://www.carlins.com.au/auctions/catalogues/2969390/2017-volkswagen-tiguan-110tsi-trendline-5n-my17?filterid=86dcad24bf,https://www.carlins.com.au/auctions/catalogues/2969390/2017-volkswagen-tiguan-110tsi-trendline-5n-my17?filterid=86dcad24bf,110Tsi Trendline 5N My17 Fwd   Greybuild2016     Exp22/02/2025,2017VolkswagenTiguan177563,24,NSW,,,,https://www.carlins.com.au/auctions/catalogues/2970165/2018-mazda-bt-50-xt-hi-rider-dual-cab-ur0yg1?filterid=86dcad24bf,,,
2017 Volkswagen Tiguan,Volkswagen,Tiguan,2017,177563,Wagon,Petrol,Manual,,Carlins Online,16/12/2024,https://www.carlins.com.au/auctions/catalogues/2969390/2017-volkswagen-tiguan-110tsi-trendline-5n-my17?filterid=86dcad24bf,https://www.carlins.com.au/auctions/catalogues/2969390/2017-volkswagen-tiguan-110tsi-trendline-5n-my17?filterid=86dcad24bf,110Tsi Trendline 5N My17 Fwd   Greybuild2016     Exp22/02/2025,2017VolkswagenTiguan177563,24,NSW,,,,https://www.carlins.com.au/auctions/catalogues/2970165/2018-mazda-bt-50-xt-hi-rider-dual-cab-ur0yg1?filterid=86dcad24bf,,,
2015 Hyundai I30 Gde3,Hyundai,I30 Gde3,2015,127649,Wagon,Petrol,Automatic,,Carlins Online,16/12/2024,https://www.carlins.com.au/auctions/catalogues/2935178/2015-hyundai-i30-gde3-series-ii-my16?filterid=86dcad24bf,https://www.carlins.com.au/auctions/catalogues/2935178/2015-hyundai-i30-gde3-series-ii-my16?filterid=86dcad24bf,I30  Gde3 Series Ii My16 Fwd   Whitebuild     Exp30/10/2024,2015HyundaiI30 Gde3127649,24,NSW,,,,https://www.carlins.com.au/auctions/catalogues/2970165/2018-mazda-bt-50-xt-hi-rider-dual-cab-ur0yg1?filterid=86dcad24bf,,,
2015 Hyundai I30 Gde3,Hyundai,I30 Gde3,2015,127649,Wagon,Petrol,Automatic,,Carlins Online,16/12/2024,https://www.carlins.com.au/auctions/catalogues/2935178/2015-hyundai-i30-gde3-series-ii-my16?filterid=86dcad24bf,https://www.carlins.com.au/auctions/catalogues/2935178/2015-hyundai-i30-gde3-series-ii-my16?filterid=86dcad24bf,I30  Gde3 Series Ii My16 Fwd   Whitebuild     Exp30/10/2024,2015HyundaiI30 Gde3127649,24,NSW,,,,https://www.carlins.com.au/auctions/catalogues/2970165/2018-mazda-bt-50-xt-hi-rider-dual-cab-ur0yg1?filterid=86dcad24bf,,,
2013 Ford Focus,Ford,Focus,2013,137147,Hatchback,Petrol,Automatic,,Carlins Online,16/12/2024,https://www.carlins.com.au/auctions/catalogues/2956084/2013-ford-focus-titanium-pwrshift-lw-mkii?filterid=86dcad24bf,https://www.carlins.com.au/auctions/catalogues/2956084/2013-ford-focus-titanium-pwrshift-lw-mkii?filterid=86dcad24bf,Titanium Pwrshift Lw Mkii Fwd   Silverbuild     Exp22/03/2025,2013FordFocus137147,24,NSW,,,,https://www.carlins.com.au/auctions/catalogues/2970165/2018-mazda-bt-50-xt-hi-rider-dual-cab-ur0yg1?filterid=86dcad24bf,,,
2013 Ford Focus,Ford,Focus,2013,137147,Hatchback,Petrol,Automatic,,Carlins Online,16/12/2024,https://www.carlins.com.au/auctions/catalogues/2956084/2013-ford-focus-titanium-pwrshift-lw-mkii?filterid=86dcad24bf,https://www.carlins.com.au/auctions/catalogues/2956084/2013-ford-focus-titanium-pwrshift-lw-mkii?filterid=86dcad24bf,Titanium Pwrshift Lw Mkii Fwd   Silverbuild     Exp22/03/2025,2013FordFocus137147,24,NSW,,,,https://www.carlins.com.au/auctions/catalogues/2970165/2018-mazda-bt-50-xt-hi-rider-dual-cab-ur0yg1?filterid=86dcad24bf,,,
2015 Holden Captiva,Holden,Captiva,2015,81929,Wagon,Petrol,Automatic,,Carlins Online,16/12/2024,https://www.carlins.com.au/auctions/catalogues/2971865/2015-holden-captiva-7-ltz-cg-my15?filterid=86dcad24bf,https://www.carlins.com.au/auctions/catalogues/2971865/2015-holden-captiva-7-ltz-cg-my15?filterid=86dcad24bf,7 Ltz Cg My15 4Wd   Whitebuild     Exp04/11/2025,2015HoldenCaptiva81929,24,NSW,,,,https://www.carlins.com.au/auctions/catalogues/2970165/2018-mazda-bt-50-xt-hi-rider-dual-cab-ur0yg1?filterid=86dcad24bf,,,
2015 Holden Captiva,Holden,Captiva,2015,81929,Wagon,Petrol,Automatic,,Carlins Online,16/12/2024,https://www.carlins.com.au/auctions/catalogues/2971865/2015-holden-captiva-7-ltz-cg-my15?filterid=86dcad24bf,https://www.carlins.com.au/auctions/catalogues/2971865/2015-holden-captiva-7-ltz-cg-my15?filterid=86dcad24bf,7 Ltz Cg My15 4Wd   Whitebuild     Exp04/11/2025,2015HoldenCaptiva81929,24,NSW,,,,https://www.carlins.com.au/auctions/catalogues/2970165/2018-mazda-bt-50-xt-hi-rider-dual-cab-ur0yg1?filterid=86dcad24bf,,,
2012 Subaru Xv 2.0I-S,Subaru,Xv 2.0I-S,2012,168522,Hatchback,Petrol,Automatic,,Carlins Online,16/12/2024,https://www.carlins.com.au/auctions/catalogues/2968960/2012-subaru-xv-2-0i-s-g4x-my12?filterid=86dcad24bf,https://www.carlins.com.au/auctions/catalogues/2968960/2012-subaru-xv-2-0i-s-g4x-my12?filterid=86dcad24bf,G4X My12 4Wd   Blackbuild     Exp20/03/2025,2012SubaruXv 2.0I-S168522,24,NSW,,,,https://www.carlins.com.au/auctions/catalogues/2970165/2018-mazda-bt-50-xt-hi-rider-dual-cab-ur0yg1?filterid=86dcad24bf,,,
2012 Subaru Xv 2.0I-S,Subaru,Xv 2.0I-S,2012,168522,Hatchback,Petrol,Automatic,,Carlins Online,16/12/2024,https://www.carlins.com.au/auctions/catalogues/2968960/2012-subaru-xv-2-0i-s-g4x-my12?filterid=86dcad24bf,https://www.carlins.com.au/auctions/catalogues/2968960/2012-subaru-xv-2-0i-s-g4x-my12?filterid=86dcad24bf,G4X My12 4Wd   Blackbuild     Exp20/03/2025,2012SubaruXv 2.0I-S168522,24,NSW,,,,https://www.carlins.com.au/auctions/catalogues/2970165/2018-mazda-bt-50-xt-hi-rider-dual-cab-ur0yg1?filterid=86dcad24bf,,,
2011 Hyundai Iload Tq-V,Hyundai,Iload Tq-V,2011,187492,Van,Petrol,Manual,,Carlins Online,16/12/2024,https://www.carlins.com.au/auctions/catalogues/2971584/2011-hyundai-iload-tq-v-my11?filterid=86dcad24bf,https://www.carlins.com.au/auctions/catalogues/2971584/2011-hyundai-iload-tq-v-my11?filterid=86dcad24bf,Iload  Tq-V My11 Rwd   Whitebuild     Exp21/09/2025,2011HyundaiIload Tq-V187492,24,NSW,,,,https://www.carlins.com.au/auctions/catalogues/2970165/2018-mazda-bt-50-xt-hi-rider-dual-cab-ur0yg1?filterid=86dcad24bf,,,
2011 Hyundai Iload Tq-V,Hyundai,Iload Tq-V,2011,187492,Van,Petrol,Manual,,Carlins Online,16/12/2024,https://www.carlins.com.au/auctions/catalogues/2971584/2011-hyundai-iload-tq-v-my11?filterid=86dcad24bf,https://www.carlins.com.au/auctions/catalogues/2971584/2011-hyundai-iload-tq-v-my11?filterid=86dcad24bf,Iload  Tq-V My11 Rwd   Whitebuild     Exp21/09/2025,2011HyundaiIload Tq-V187492,24,NSW,,,,https://www.carlins.com.au/auctions/catalogues/2970165/2018-mazda-bt-50-xt-hi-rider-dual-cab-ur0yg1?filterid=86dcad24bf,,,
2012 Mitsubishi Pajero,Mitsubishi,Pajero,2012,357543,Wagon,Diesel,Automatic,,Carlins Online,16/12/2024,https://www.carlins.com.au/auctions/catalogues/2961300/2012-mitsubishi-pajero-glx-r-nw-my13?filterid=86dcad24bf,https://www.carlins.com.au/auctions/catalogues/2961300/2012-mitsubishi-pajero-glx-r-nw-my13?filterid=86dcad24bf,Glx-R Nw My13 4Wd   Silverbuild     Exp23/01/2025,2012MitsubishiPajero357543,24,NSW,,,,https://www.carlins.com.au/auctions/catalogues/2970165/2018-mazda-bt-50-xt-hi-rider-dual-cab-ur0yg1?filterid=86dcad24bf,,,
2012 Mitsubishi Pajero,Mitsubishi,Pajero,2012,357543,Wagon,Diesel,Automatic,,Carlins Online,16/12/2024,https://www.carlins.com.au/auctions/catalogues/2961300/2012-mitsubishi-pajero-glx-r-nw-my13?filterid=86dcad24bf,https://www.carlins.com.au/auctions/catalogues/2961300/2012-mitsubishi-pajero-glx-r-nw-my13?filterid=86dcad24bf,Glx-R Nw My13 4Wd   Silverbuild     Exp23/01/2025,2012MitsubishiPajero357543,24,NSW,,,,https://www.carlins.com.au/auctions/catalogues/2970165/2018-mazda-bt-50-xt-hi-rider-dual-cab-ur0yg1?filterid=86dcad24bf,,,
2013 Volkswagen Tiguan,Volkswagen,Tiguan,2013,203564,Wagon,Petrol,Automatic,,Carlins Online,16/12/2024,https://www.carlins.com.au/auctions/catalogues/2971593/2013-volkswagen-tiguan-132tsi-pacific-5n-my14?filterid=86dcad24bf,https://www.carlins.com.au/auctions/catalogues/2971593/2013-volkswagen-tiguan-132tsi-pacific-5n-my14?filterid=86dcad24bf,132Tsi Pacific 5N My14 4Wd   Whitebuild     Exp11/12/2024,2013VolkswagenTiguan203564,24,NSW,,,,https://www.carlins.com.au/auctions/catalogues/2970165/2018-mazda-bt-50-xt-hi-rider-dual-cab-ur0yg1?filterid=86dcad24bf,,,
2013 Volkswagen Tiguan,Volkswagen,Tiguan,2013,203564,Wagon,Petrol,Automatic,,Carlins Online,16/12/2024,https://www.carlins.com.au/auctions/catalogues/2971593/2013-volkswagen-tiguan-132tsi-pacific-5n-my14?filterid=86dcad24bf,https://www.carlins.com.au/auctions/catalogues/2971593/2013-volkswagen-tiguan-132tsi-pacific-5n-my14?filterid=86dcad24bf,132Tsi Pacific 5N My14 4Wd   Whitebuild     Exp11/12/2024,2013VolkswagenTiguan203564,24,NSW,,,,https://www.carlins.com.au/auctions/catalogues/2970165/2018-mazda-bt-50-xt-hi-rider-dual-cab-ur0yg1?filterid=86dcad24bf,,,
2010 Nissan Dualis Ti,Nissan,Dualis Ti,2010,241192,Wagon,Petrol,Automatic,,Carlins Online,16/12/2024,https://www.carlins.com.au/auctions/catalogues/2961877/2010-nissan-dualis-ti-x-tronic-awd-j10-my2009?filterid=86dcad24bf,https://www.carlins.com.au/auctions/catalogues/2961877/2010-nissan-dualis-ti-x-tronic-awd-j10-my2009?filterid=86dcad24bf,X-Tronic Awd J10 My2009 4Wd   Bluebuild     Exp19/11/2024,2010NissanDualis Ti241192,24,NSW,,,,https://www.carlins.com.au/auctions/catalogues/2970165/2018-mazda-bt-50-xt-hi-rider-dual-cab-ur0yg1?filterid=86dcad24bf,,,
2010 Nissan Dualis Ti,Nissan,Dualis Ti,2010,241192,Wagon,Petrol,Automatic,,Carlins Online,16/12/2024,https://www.carlins.com.au/auctions/catalogues/2961877/2010-nissan-dualis-ti-x-tronic-awd-j10-my2009?filterid=86dcad24bf,https://www.carlins.com.au/auctions/catalogues/2961877/2010-nissan-dualis-ti-x-tronic-awd-j10-my2009?filterid=86dcad24bf,X-Tronic Awd J10 My2009 4Wd   Bluebuild     Exp19/11/2024,2010NissanDualis Ti241192,24,NSW,,,,https://www.carlins.com.au/auctions/catalogues/2970165/2018-mazda-bt-50-xt-hi-rider-dual-cab-ur0yg1?filterid=86dcad24bf,,,
2015 Kia Cerato,Kia,Cerato,2015,205811,Hatchback,Petrol,Automatic,,Carlins Online,16/12/2024,https://www.carlins.com.au/auctions/catalogues/2971569/2015-kia-cerato-s-yd-my15?filterid=86dcad24bf,https://www.carlins.com.au/auctions/catalogues/2971569/2015-kia-cerato-s-yd-my15?filterid=86dcad24bf,S Yd My15 Fwd   Whitebuild     Exp25/03/2025,2015KiaCerato205811,24,NSW,,,,https://www.carlins.com.au/auctions/catalogues/2970165/2018-mazda-bt-50-xt-hi-rider-dual-cab-ur0yg1?filterid=86dcad24bf,,,
2015 Kia Cerato,Kia,Cerato,2015,205811,Hatchback,Petrol,Automatic,,Carlins Online,16/12/2024,https://www.carlins.com.au/auctions/catalogues/2971569/2015-kia-cerato-s-yd-my15?filterid=86dcad24bf,https://www.carlins.com.au/auctions/catalogues/2971569/2015-kia-cerato-s-yd-my15?filterid=86dcad24bf,S Yd My15 Fwd   Whitebuild     Exp25/03/2025,2015KiaCerato205811,24,NSW,,,,https://www.carlins.com.au/auctions/catalogues/2970165/2018-mazda-bt-50-xt-hi-rider-dual-cab-ur0yg1?filterid=86dcad24bf,,,
2013 Volkswagen Amarok,Volkswagen,Amarok,2013,244806,Utility,Diesel,Automatic,,Carlins Online,16/12/2024,https://www.carlins.com.au/auctions/catalogues/2968974/2013-volkswagen-amarok-tdi420-ultimate-dual-2h-my13?filterid=86dcad24bf,https://www.carlins.com.au/auctions/catalogues/2968974/2013-volkswagen-amarok-tdi420-ultimate-dual-2h-my13?filterid=86dcad24bf,Tdi420 Ultimate Dual 2H My13 4Wd   Greybuild     Exp16/01/2025,2013VolkswagenAmarok244806,24,NSW,,,,https://www.carlins.com.au/auctions/catalogues/2970165/2018-mazda-bt-50-xt-hi-rider-dual-cab-ur0yg1?filterid=86dcad24bf,,,
2013 Volkswagen Amarok,Volkswagen,Amarok,2013,244806,Utility,Diesel,Automatic,,Carlins Online,16/12/2024,https://www.carlins.com.au/auctions/catalogues/2968974/2013-volkswagen-amarok-tdi420-ultimate-dual-2h-my13?filterid=86dcad24bf,https://www.carlins.com.au/auctions/catalogues/2968974/2013-volkswagen-amarok-tdi420-ultimate-dual-2h-my13?filterid=86dcad24bf,Tdi420 Ultimate Dual 2H My13 4Wd   Greybuild     Exp16/01/2025,2013VolkswagenAmarok244806,24,NSW,,,,https://www.carlins.com.au/auctions/catalogues/2970165/2018-mazda-bt-50-xt-hi-rider-dual-cab-ur0yg1?filterid=86dcad24bf,,,
2015 Suzuki Grand Vitara,Suzuki,Grand Vitara,2015,290835,Wagon,Petrol,Manual,,Carlins Online,16/12/2024,https://www.carlins.com.au/auctions/catalogues/2968293/2015-suzuki-grand-vitara-navigator-jb?filterid=86dcad24bf,https://www.carlins.com.au/auctions/catalogues/2968293/2015-suzuki-grand-vitara-navigator-jb?filterid=86dcad24bf,Navigator Jb Rwd   Silverbuild2014     Exp19/02/2025,2015SuzukiGrand Vitara290835,24,NSW,,,,https://www.carlins.com.au/auctions/catalogues/2970165/2018-mazda-bt-50-xt-hi-rider-dual-cab-ur0yg1?filterid=86dcad24bf,,,
2015 Suzuki Grand Vitara,Suzuki,Grand Vitara,2015,290835,Wagon,Petrol,Manual,,Carlins Online,16/12/2024,https://www.carlins.com.au/auctions/catalogues/2968293/2015-suzuki-grand-vitara-navigator-jb?filterid=86dcad24bf,https://www.carlins.com.au/auctions/catalogues/2968293/2015-suzuki-grand-vitara-navigator-jb?filterid=86dcad24bf,Navigator Jb Rwd   Silverbuild2014     Exp19/02/2025,2015SuzukiGrand Vitara290835,24,NSW,,,,https://www.carlins.com.au/auctions/catalogues/2970165/2018-mazda-bt-50-xt-hi-rider-dual-cab-ur0yg1?filterid=86dcad24bf,,,
2014 Kia Sportage,Kia,Sportage,2014,223953,Wagon,Petrol,Automatic,,Carlins Online,16/12/2024,https://www.carlins.com.au/auctions/catalogues/2970849/2014-kia-sportage-si-premium-sl-my14?filterid=86dcad24bf,https://www.carlins.com.au/auctions/catalogues/2970849/2014-kia-sportage-si-premium-sl-my14?filterid=86dcad24bf,Si Premium Sl My14 Fwd   Bluebuild     Exp22/12/2024,2014KiaSportage223953,24,NSW,,,,https://www.carlins.com.au/auctions/catalogues/2970165/2018-mazda-bt-50-xt-hi-rider-dual-cab-ur0yg1?filterid=86dcad24bf,,,
2014 Kia Sportage,Kia,Sportage,2014,223953,Wagon,Petrol,Automatic,,Carlins Online,16/12/2024,https://www.carlins.com.au/auctions/catalogues/2970849/2014-kia-sportage-si-premium-sl-my14?filterid=86dcad24bf,https://www.carlins.com.au/auctions/catalogues/2970849/2014-kia-sportage-si-premium-sl-my14?filterid=86dcad24bf,Si Premium Sl My14 Fwd   Bluebuild     Exp22/12/2024,2014KiaSportage223953,24,NSW,,,,https://www.carlins.com.au/auctions/catalogues/2970165/2018-mazda-bt-50-xt-hi-rider-dual-cab-ur0yg1?filterid=86dcad24bf,,,
2013 Holden Commodore,Holden,Commodore,2013,293849,Wagon,Petrol,Automatic,,Carlins Online,16/12/2024,https://www.carlins.com.au/auctions/catalogues/2969388/2013-holden-commodore-sv6-sportwagon-vf?filterid=86dcad24bf,https://www.carlins.com.au/auctions/catalogues/2969388/2013-holden-commodore-sv6-sportwagon-vf?filterid=86dcad24bf,Sv6 Sportwagon Vf Rwd   Whitebuild     Exp01/10/2025,2013HoldenCommodore293849,24,NSW,,,,https://www.carlins.com.au/auctions/catalogues/2970165/2018-mazda-bt-50-xt-hi-rider-dual-cab-ur0yg1?filterid=86dcad24bf,,,
2013 Holden Commodore,Holden,Commodore,2013,293849,Wagon,Petrol,Automatic,,Carlins Online,16/12/2024,https://www.carlins.com.au/auctions/catalogues/2969388/2013-holden-commodore-sv6-sportwagon-vf?filterid=86dcad24bf,https://www.carlins.com.au/auctions/catalogues/2969388/2013-holden-commodore-sv6-sportwagon-vf?filterid=86dcad24bf,Sv6 Sportwagon Vf Rwd   Whitebuild     Exp01/10/2025,2013HoldenCommodore293849,24,NSW,,,,https://www.carlins.com.au/auctions/catalogues/2970165/2018-mazda-bt-50-xt-hi-rider-dual-cab-ur0yg1?filterid=86dcad24bf,,,
2012 Audi Q5,Audi,Q5,2012,173790,Wagon,Petrol,Automatic,,Carlins Online,16/12/2024,https://www.carlins.com.au/auctions/catalogues/2933846/2012-audi-q5-tfsi-8r-my12?filterid=86dcad24bf,https://www.carlins.com.au/auctions/catalogues/2933846/2012-audi-q5-tfsi-8r-my12?filterid=86dcad24bf,Tfsi 8R My12 4Wd   Whitebuild     Exp20/09/2024,2012AudiQ5173790,24,NSW,,,,https://www.carlins.com.au/auctions/catalogues/2970165/2018-mazda-bt-50-xt-hi-rider-dual-cab-ur0yg1?filterid=86dcad24bf,,,
2012 Audi Q5,Audi,Q5,2012,173790,Wagon,Petrol,Automatic,,Carlins Online,16/12/2024,https://www.carlins.com.au/auctions/catalogues/2933846/2012-audi-q5-tfsi-8r-my12?filterid=86dcad24bf,https://www.carlins.com.au/auctions/catalogues/2933846/2012-audi-q5-tfsi-8r-my12?filterid=86dcad24bf,Tfsi 8R My12 4Wd   Whitebuild     Exp20/09/2024,2012AudiQ5173790,24,NSW,,,,https://www.carlins.com.au/auctions/catalogues/2970165/2018-mazda-bt-50-xt-hi-rider-dual-cab-ur0yg1?filterid=86dcad24bf,,,
2014 Ford Kuga,Ford,Kuga,2014,123204,Wagon,Petrol,Automatic,,Carlins Online,16/12/2024,https://www.carlins.com.au/auctions/catalogues/2961829/2014-ford-kuga-ambiente-awd-tf?filterid=86dcad24bf,https://www.carlins.com.au/auctions/catalogues/2961829/2014-ford-kuga-ambiente-awd-tf?filterid=86dcad24bf,Ambiente Awd Tf 4Wd   Blackbuild     Exp15/03/2025,2014FordKuga123204,24,NSW,,,,https://www.carlins.com.au/auctions/catalogues/2970165/2018-mazda-bt-50-xt-hi-rider-dual-cab-ur0yg1?filterid=86dcad24bf,,,
2014 Ford Kuga,Ford,Kuga,2014,123204,Wagon,Petrol,Automatic,,Carlins Online,16/12/2024,https://www.carlins.com.au/auctions/catalogues/2961829/2014-ford-kuga-ambiente-awd-tf?filterid=86dcad24bf,https://www.carlins.com.au/auctions/catalogues/2961829/2014-ford-kuga-ambiente-awd-tf?filterid=86dcad24bf,Ambiente Awd Tf 4Wd   Blackbuild     Exp15/03/2025,2014FordKuga123204,24,NSW,,,,https://www.carlins.com.au/auctions/catalogues/2970165/2018-mazda-bt-50-xt-hi-rider-dual-cab-ur0yg1?filterid=86dcad24bf,,,
2011 Holden Cruze,Holden,Cruze,2011,163555,Sedan,Petrol,Manual,,Carlins Online,16/12/2024,https://www.carlins.com.au/auctions/catalogues/2956817/2011-holden-cruze-sri-jh-series-ii?filterid=86dcad24bf,https://www.carlins.com.au/auctions/catalogues/2956817/2011-holden-cruze-sri-jh-series-ii?filterid=86dcad24bf,Sri Jh Series Ii Fwd   Bluebuild     Exp,2011HoldenCruze163555,24,NSW,,,,https://www.carlins.com.au/auctions/catalogues/2970165/2018-mazda-bt-50-xt-hi-rider-dual-cab-ur0yg1?filterid=86dcad24bf,,,
2011 Holden Cruze,Holden,Cruze,2011,163555,Sedan,Petrol,Manual,,Carlins Online,16/12/2024,https://www.carlins.com.au/auctions/catalogues/2956817/2011-holden-cruze-sri-jh-series-ii?filterid=86dcad24bf,https://www.carlins.com.au/auctions/catalogues/2956817/2011-holden-cruze-sri-jh-series-ii?filterid=86dcad24bf,Sri Jh Series Ii Fwd   Bluebuild     Exp,2011HoldenCruze163555,24,NSW,,,,https://www.carlins.com.au/auctions/catalogues/2970165/2018-mazda-bt-50-xt-hi-rider-dual-cab-ur0yg1?filterid=86dcad24bf,,,
2014 Audi A4,Audi,A4,2014,237780,Sedan,Petrol,Automatic,,Carlins Online,16/12/2024,https://www.carlins.com.au/auctions/catalogues/2961800/2014-audi-a4-ambition-b8-8k-my14?filterid=86dcad24bf,https://www.carlins.com.au/auctions/catalogues/2961800/2014-audi-a4-ambition-b8-8k-my14?filterid=86dcad24bf,Ambition B8 8K My14 4Wd   Greybuild     Exp28/09/2025,2014AudiA4237780,24,NSW,,,,https://www.carlins.com.au/auctions/catalogues/2970165/2018-mazda-bt-50-xt-hi-rider-dual-cab-ur0yg1?filterid=86dcad24bf,,,
2014 Audi A4,Audi,A4,2014,237780,Sedan,Petrol,Automatic,,Carlins Online,16/12/2024,https://www.carlins.com.au/auctions/catalogues/2961800/2014-audi-a4-ambition-b8-8k-my14?filterid=86dcad24bf,https://www.carlins.com.au/auctions/catalogues/2961800/2014-audi-a4-ambition-b8-8k-my14?filterid=86dcad24bf,Ambition B8 8K My14 4Wd   Greybuild     Exp28/09/2025,2014AudiA4237780,24,NSW,,,,https://www.carlins.com.au/auctions/catalogues/2970165/2018-mazda-bt-50-xt-hi-rider-dual-cab-ur0yg1?filterid=86dcad24bf,,,
2010 Mazda 3,Mazda,3,2010,231283,Sedan,Petrol,Manual,,Carlins Online,16/12/2024,https://www.carlins.com.au/auctions/catalogues/2970266/2010-mazda-3-neo-bl10f1?filterid=86dcad24bf,https://www.carlins.com.au/auctions/catalogues/2970266/2010-mazda-3-neo-bl10f1?filterid=86dcad24bf,"Neo Bl10F1 Fwd   Blackbuild   21,28  Exp26/06/2025",2010Mazda3231283,24,NSW,,,,https://www.carlins.com.au/auctions/catalogues/2970165/2018-mazda-bt-50-xt-hi-rider-dual-cab-ur0yg1?filterid=86dcad24bf,,,
2010 Mazda 3,Mazda,3,2010,231283,Sedan,Petrol,Manual,,Carlins Online,16/12/2024,https://www.carlins.com.au/auctions/catalogues/2970266/2010-mazda-3-neo-bl10f1?filterid=86dcad24bf,https://www.carlins.com.au/auctions/catalogues/2970266/2010-mazda-3-neo-bl10f1?filterid=86dcad24bf,"Neo Bl10F1 Fwd   Blackbuild   21,28  Exp26/06/2025",2010Mazda3231283,24,NSW,,,,https://www.carlins.com.au/auctions/catalogues/2970165/2018-mazda-bt-50-xt-hi-rider-dual-cab-ur0yg1?filterid=86dcad24bf,,,
2010 Subaru Liberty,Subaru,Liberty,2010,313664,Wagon,Petrol,Automatic,,Carlins Online,16/12/2024,https://www.carlins.com.au/auctions/catalogues/2967147/2010-subaru-liberty-2-5i-sports-premium-b5-my10?filterid=86dcad24bf,https://www.carlins.com.au/auctions/catalogues/2967147/2010-subaru-liberty-2-5i-sports-premium-b5-my10?filterid=86dcad24bf,2.5I Sports Premium B5 My10 4Wd   Silverbuild     Exp29/12/2024,2010SubaruLiberty313664,24,NSW,,,,https://www.carlins.com.au/auctions/catalogues/2970165/2018-mazda-bt-50-xt-hi-rider-dual-cab-ur0yg1?filterid=86dcad24bf,,,
2010 Subaru Liberty,Subaru,Liberty,2010,313664,Wagon,Petrol,Automatic,,Carlins Online,16/12/2024,https://www.carlins.com.au/auctions/catalogues/2967147/2010-subaru-liberty-2-5i-sports-premium-b5-my10?filterid=86dcad24bf,https://www.carlins.com.au/auctions/catalogues/2967147/2010-subaru-liberty-2-5i-sports-premium-b5-my10?filterid=86dcad24bf,2.5I Sports Premium B5 My10 4Wd   Silverbuild     Exp29/12/2024,2010SubaruLiberty313664,24,NSW,,,,https://www.carlins.com.au/auctions/catalogues/2970165/2018-mazda-bt-50-xt-hi-rider-dual-cab-ur0yg1?filterid=86dcad24bf,,,
2015 Ford Ranger,Ford,Ranger,2015,255878,Cab Chassis,Diesel,Manual,,Carlins Online,16/12/2024,https://www.carlins.com.au/auctions/catalogues/2970163/2015-ford-ranger-xl-single-cab-px?filterid=86dcad24bf,https://www.carlins.com.au/auctions/catalogues/2970163/2015-ford-ranger-xl-single-cab-px?filterid=86dcad24bf,Xl Single Cab Px Rwd   Whitebuild     Exp10/08/2025,2015FordRanger255878,24,NSW,,,,https://www.carlins.com.au/auctions/catalogues/2970165/2018-mazda-bt-50-xt-hi-rider-dual-cab-ur0yg1?filterid=86dcad24bf,,,
2015 Ford Ranger,Ford,Ranger,2015,255878,Cab Chassis,Diesel,Manual,,Carlins Online,16/12/2024,https://www.carlins.com.au/auctions/catalogues/2970163/2015-ford-ranger-xl-single-cab-px?filterid=86dcad24bf,https://www.carlins.com.au/auctions/catalogues/2970163/2015-ford-ranger-xl-single-cab-px?filterid=86dcad24bf,Xl Single Cab Px Rwd   Whitebuild     Exp10/08/2025,2015FordRanger255878,24,NSW,,,,https://www.carlins.com.au/auctions/catalogues/2970165/2018-mazda-bt-50-xt-hi-rider-dual-cab-ur0yg1?filterid=86dcad24bf,,,
2008 Bmw 3 Series,Bmw,3 Series,2008,129430,Sedan,Petrol,Automatic,,Carlins Online,16/12/2024,https://www.carlins.com.au/auctions/catalogues/2965728/2008-bmw-3-series-320i-executive-e90-my08?filterid=86dcad24bf,https://www.carlins.com.au/auctions/catalogues/2965728/2008-bmw-3-series-320i-executive-e90-my08?filterid=86dcad24bf,320I Executive E90 My08 Rwd   Bronzebuild     Exp17/06/2025,2008Bmw3 Series129430,24,NSW,,,,https://www.carlins.com.au/auctions/catalogues/2970165/2018-mazda-bt-50-xt-hi-rider-dual-cab-ur0yg1?filterid=86dcad24bf,,,
2008 Bmw 3 Series,Bmw,3 Series,2008,129430,Sedan,Petrol,Automatic,,Carlins Online,16/12/2024,https://www.carlins.com.au/auctions/catalogues/2965728/2008-bmw-3-series-320i-executive-e90-my08?filterid=86dcad24bf,https://www.carlins.com.au/auctions/catalogues/2965728/2008-bmw-3-series-320i-executive-e90-my08?filterid=86dcad24bf,320I Executive E90 My08 Rwd   Bronzebuild     Exp17/06/2025,2008Bmw3 Series129430,24,NSW,,,,https://www.carlins.com.au/auctions/catalogues/2970165/2018-mazda-bt-50-xt-hi-rider-dual-cab-ur0yg1?filterid=86dcad24bf,,,
2010 Volkswagen Tiguan,Volkswagen,Tiguan,2010,114170,Wagon,Petrol,Automatic,,Carlins Online,16/12/2024,https://www.carlins.com.au/auctions/catalogues/2971608/2010-volkswagen-tiguan-125tsi-5n-my10?filterid=86dcad24bf,https://www.carlins.com.au/auctions/catalogues/2971608/2010-volkswagen-tiguan-125tsi-5n-my10?filterid=86dcad24bf,125Tsi 5N My10 4Wd   Whitebuild2009     Exp06/05/2025,2010VolkswagenTiguan114170,24,NSW,,,,https://www.carlins.com.au/auctions/catalogues/2970165/2018-mazda-bt-50-xt-hi-rider-dual-cab-ur0yg1?filterid=86dcad24bf,,,
2010 Volkswagen Tiguan,Volkswagen,Tiguan,2010,114170,Wagon,Petrol,Automatic,,Carlins Online,16/12/2024,https://www.carlins.com.au/auctions/catalogues/2971608/2010-volkswagen-tiguan-125tsi-5n-my10?filterid=86dcad24bf,https://www.carlins.com.au/auctions/catalogues/2971608/2010-volkswagen-tiguan-125tsi-5n-my10?filterid=86dcad24bf,125Tsi 5N My10 4Wd   Whitebuild2009     Exp06/05/2025,2010VolkswagenTiguan114170,24,NSW,,,,https://www.carlins.com.au/auctions/catalogues/2970165/2018-mazda-bt-50-xt-hi-rider-dual-cab-ur0yg1?filterid=86dcad24bf,,,
2012 Bmw 1 Series,Bmw,1 Series,2012,172820,Hatchback,Petrol,Automatic,,Carlins Online,16/12/2024,https://www.carlins.com.au/auctions/catalogues/2965342/2012-bmw-1-series-125i-f20?filterid=86dcad24bf,https://www.carlins.com.au/auctions/catalogues/2965342/2012-bmw-1-series-125i-f20?filterid=86dcad24bf,125I F20 Rwd   Whitebuild     Exp21/05/2025,2012Bmw1 Series172820,24,NSW,,,,https://www.carlins.com.au/auctions/catalogues/2970165/2018-mazda-bt-50-xt-hi-rider-dual-cab-ur0yg1?filterid=86dcad24bf,,,
2012 Bmw 1 Series,Bmw,1 Series,2012,172820,Hatchback,Petrol,Automatic,,Carlins Online,16/12/2024,https://www.carlins.com.au/auctions/catalogues/2965342/2012-bmw-1-series-125i-f20?filterid=86dcad24bf,https://www.carlins.com.au/auctions/catalogues/2965342/2012-bmw-1-series-125i-f20?filterid=86dcad24bf,125I F20 Rwd   Whitebuild     Exp21/05/2025,2012Bmw1 Series172820,24,NSW,,,,https://www.carlins.com.au/auctions/catalogues/2970165/2018-mazda-bt-50-xt-hi-rider-dual-cab-ur0yg1?filterid=86dcad24bf,,,
2014 Nissan X-Trail St-L,Nissan,X-Trail St-L,2014,221150,Wagon,Petrol,Automatic,,Carlins Online,16/12/2024,https://www.carlins.com.au/auctions/catalogues/2968701/2014-nissan-x-trail-st-l-x-tronic-4wd-t32?filterid=86dcad24bf,https://www.carlins.com.au/auctions/catalogues/2968701/2014-nissan-x-trail-st-l-x-tronic-4wd-t32?filterid=86dcad24bf,X-Tronic 4Wd T32 4Wd   Whitebuild     Exp22/09/2025,2014NissanX-Trail St-L221150,24,NSW,,,,https://www.carlins.com.au/auctions/catalogues/2970165/2018-mazda-bt-50-xt-hi-rider-dual-cab-ur0yg1?filterid=86dcad24bf,,,
2014 Nissan X-Trail St-L,Nissan,X-Trail St-L,2014,221150,Wagon,Petrol,Automatic,,Carlins Online,16/12/2024,https://www.carlins.com.au/auctions/catalogues/2968701/2014-nissan-x-trail-st-l-x-tronic-4wd-t32?filterid=86dcad24bf,https://www.carlins.com.au/auctions/catalogues/2968701/2014-nissan-x-trail-st-l-x-tronic-4wd-t32?filterid=86dcad24bf,X-Tronic 4Wd T32 4Wd   Whitebuild     Exp22/09/2025,2014NissanX-Trail St-L221150,24,NSW,,,,https://www.carlins.com.au/auctions/catalogues/2970165/2018-mazda-bt-50-xt-hi-rider-dual-cab-ur0yg1?filterid=86dcad24bf,,,
2016 Volkswagen Passat,Volkswagen,Passat,2016,147946,Wagon,Petrol,Automatic,,Carlins Online,16/12/2024,https://www.carlins.com.au/auctions/catalogues/2965884/2016-volkswagen-passat-132tsi-comfortline-3c-b8-my16?filterid=86dcad24bf,https://www.carlins.com.au/auctions/catalogues/2965884/2016-volkswagen-passat-132tsi-comfortline-3c-b8-my16?filterid=86dcad24bf,132Tsi Comfortline 3C (B8) My16 Fwd   Whitebuild2015     Exp09/06/2025,2016VolkswagenPassat147946,24,NSW,,,,https://www.carlins.com.au/auctions/catalogues/2970165/2018-mazda-bt-50-xt-hi-rider-dual-cab-ur0yg1?filterid=86dcad24bf,,,
2016 Volkswagen Passat,Volkswagen,Passat,2016,147946,Wagon,Petrol,Automatic,,Carlins Online,16/12/2024,https://www.carlins.com.au/auctions/catalogues/2965884/2016-volkswagen-passat-132tsi-comfortline-3c-b8-my16?filterid=86dcad24bf,https://www.carlins.com.au/auctions/catalogues/2965884/2016-volkswagen-passat-132tsi-comfortline-3c-b8-my16?filterid=86dcad24bf,132Tsi Comfortline 3C (B8) My16 Fwd   Whitebuild2015     Exp09/06/2025,2016VolkswagenPassat147946,24,NSW,,,,https://www.carlins.com.au/auctions/catalogues/2970165/2018-mazda-bt-50-xt-hi-rider-dual-cab-ur0yg1?filterid=86dcad24bf,,,
2007 Mini Hatch Cooper,Mini,Hatch Cooper,2007,173069,Hatchback,Petrol,Automatic,,Carlins Online,16/12/2024,https://www.carlins.com.au/auctions/catalogues/2965919/2007-mini-hatch-cooper-checkmate-r50-my05?filterid=86dcad24bf,https://www.carlins.com.au/auctions/catalogues/2965919/2007-mini-hatch-cooper-checkmate-r50-my05?filterid=86dcad24bf,Checkmate R50 My05 Fwd   Bluebuild2006     Exp18/01/2025,2007MiniHatch Cooper173069,24,NSW,,,,https://www.carlins.com.au/auctions/catalogues/2970165/2018-mazda-bt-50-xt-hi-rider-dual-cab-ur0yg1?filterid=86dcad24bf,,,
2007 Mini Hatch Cooper,Mini,Hatch Cooper,2007,173069,Hatchback,Petrol,Automatic,,Carlins Online,16/12/2024,https://www.carlins.com.au/auctions/catalogues/2965919/2007-mini-hatch-cooper-checkmate-r50-my05?filterid=86dcad24bf,https://www.carlins.com.au/auctions/catalogues/2965919/2007-mini-hatch-cooper-checkmate-r50-my05?filterid=86dcad24bf,Checkmate R50 My05 Fwd   Bluebuild2006     Exp18/01/2025,2007MiniHatch Cooper173069,24,NSW,,,,https://www.carlins.com.au/auctions/catalogues/2970165/2018-mazda-bt-50-xt-hi-rider-dual-cab-ur0yg1?filterid=86dcad24bf,,,
2010 Audi A1,Audi,A1,2010,157385,Hatchback,Petrol,Automatic,,Carlins Online,16/12/2024,https://www.carlins.com.au/auctions/catalogues/2965234/2010-audi-a1-ambition-s-tronic-8x-my11?filterid=86dcad24bf,https://www.carlins.com.au/auctions/catalogues/2965234/2010-audi-a1-ambition-s-tronic-8x-my11?filterid=86dcad24bf,Ambition S Tronic 8X My11 Fwd   Whitebuild     Exp06/03/2025,2010AudiA1157385,24,NSW,,,,https://www.carlins.com.au/auctions/catalogues/2970165/2018-mazda-bt-50-xt-hi-rider-dual-cab-ur0yg1?filterid=86dcad24bf,,,
2010 Audi A1,Audi,A1,2010,157385,Hatchback,Petrol,Automatic,,Carlins Online,16/12/2024,https://www.carlins.com.au/auctions/catalogues/2965234/2010-audi-a1-ambition-s-tronic-8x-my11?filterid=86dcad24bf,https://www.carlins.com.au/auctions/catalogues/2965234/2010-audi-a1-ambition-s-tronic-8x-my11?filterid=86dcad24bf,Ambition S Tronic 8X My11 Fwd   Whitebuild     Exp06/03/2025,2010AudiA1157385,24,NSW,,,,https://www.carlins.com.au/auctions/catalogues/2970165/2018-mazda-bt-50-xt-hi-rider-dual-cab-ur0yg1?filterid=86dcad24bf,,,
2013 Holden Captiva,Holden,Captiva,2013,146945,Wagon,Diesel,Automatic,,Carlins Online,16/12/2024,https://www.carlins.com.au/auctions/catalogues/2965862/2013-holden-captiva-7-lx-cg-series-ii-my?filterid=86dcad24bf,https://www.carlins.com.au/auctions/catalogues/2965862/2013-holden-captiva-7-lx-cg-series-ii-my?filterid=86dcad24bf,7 Lx Cg Series Ii My 4Wd   Redbuild2012     Exp04/04/2025,2013HoldenCaptiva146945,24,NSW,,,,https://www.carlins.com.au/auctions/catalogues/2970165/2018-mazda-bt-50-xt-hi-rider-dual-cab-ur0yg1?filterid=86dcad24bf,,,
2013 Holden Captiva,Holden,Captiva,2013,146945,Wagon,Diesel,Automatic,,Carlins Online,16/12/2024,https://www.carlins.com.au/auctions/catalogues/2965862/2013-holden-captiva-7-lx-cg-series-ii-my?filterid=86dcad24bf,https://www.carlins.com.au/auctions/catalogues/2965862/2013-holden-captiva-7-lx-cg-series-ii-my?filterid=86dcad24bf,7 Lx Cg Series Ii My 4Wd   Redbuild2012     Exp04/04/2025,2013HoldenCaptiva146945,24,NSW,,,,https://www.carlins.com.au/auctions/catalogues/2970165/2018-mazda-bt-50-xt-hi-rider-dual-cab-ur0yg1?filterid=86dcad24bf,,,
2011 Chrysler Grand Voyager,Chrysler,Grand Voyager,2011,163248,Wagon,Petrol,Automatic,,Carlins Online,16/12/2024,https://www.carlins.com.au/auctions/catalogues/2971332/2011-chrysler-grand-voyager-limited-rt-5th-gen-my10?filterid=86dcad24bf,https://www.carlins.com.au/auctions/catalogues/2971332/2011-chrysler-grand-voyager-limited-rt-5th-gen-my10?filterid=86dcad24bf,Limited Rt 5Th Gen My10 Fwd   Blackbuild2010     Exp02/02/2025,2011ChryslerGrand Voyager163248,24,NSW,,,,https://www.carlins.com.au/auctions/catalogues/2970165/2018-mazda-bt-50-xt-hi-rider-dual-cab-ur0yg1?filterid=86dcad24bf,,,
2011 Chrysler Grand Voyager,Chrysler,Grand Voyager,2011,163248,Wagon,Petrol,Automatic,,Carlins Online,16/12/2024,https://www.carlins.com.au/auctions/catalogues/2971332/2011-chrysler-grand-voyager-limited-rt-5th-gen-my10?filterid=86dcad24bf,https://www.carlins.com.au/auctions/catalogues/2971332/2011-chrysler-grand-voyager-limited-rt-5th-gen-my10?filterid=86dcad24bf,Limited Rt 5Th Gen My10 Fwd   Blackbuild2010     Exp02/02/2025,2011ChryslerGrand Voyager163248,24,NSW,,,,https://www.carlins.com.au/auctions/catalogues/2970165/2018-mazda-bt-50-xt-hi-rider-dual-cab-ur0yg1?filterid=86dcad24bf,,,
2012 Mercedes-Benz M-Class Ml350,Mercedes-Benz,M-Class Ml350,2012,178900,Wagon,Diesel,Automatic,,Carlins Online,16/12/2024,https://www.carlins.com.au/auctions/catalogues/2970878/2012-mercedes-benz-m-class-ml350-bluetec-w166?filterid=86dcad24bf,https://www.carlins.com.au/auctions/catalogues/2970878/2012-mercedes-benz-m-class-ml350-bluetec-w166?filterid=86dcad24bf,Bluetec W166 4Wd   Silverbuild     Exp24/05/2025,2012Mercedes-BenzM-Class Ml350178900,24,NSW,,,,https://www.carlins.com.au/auctions/catalogues/2970165/2018-mazda-bt-50-xt-hi-rider-dual-cab-ur0yg1?filterid=86dcad24bf,,,
2012 Mercedes-Benz M-Class Ml350,Mercedes-Benz,M-Class Ml350,2012,178900,Wagon,Diesel,Automatic,,Carlins Online,16/12/2024,https://www.carlins.com.au/auctions/catalogues/2970878/2012-mercedes-benz-m-class-ml350-bluetec-w166?filterid=86dcad24bf,https://www.carlins.com.au/auctions/catalogues/2970878/2012-mercedes-benz-m-class-ml350-bluetec-w166?filterid=86dcad24bf,Bluetec W166 4Wd   Silverbuild     Exp24/05/2025,2012Mercedes-BenzM-Class Ml350178900,24,NSW,,,,https://www.carlins.com.au/auctions/catalogues/2970165/2018-mazda-bt-50-xt-hi-rider-dual-cab-ur0yg1?filterid=86dcad24bf,,,
2005 Nissan Elgrand Highway,Nissan,Elgrand Highway,2005,187858,Van,couldnot find,Automatic,,Carlins Online,16/12/2024,https://www.carlins.com.au/auctions/catalogues/2965830/2005-nissan-elgrand-highway-star?filterid=86dcad24bf,https://www.carlins.com.au/auctions/catalogues/2965830/2005-nissan-elgrand-highway-star?filterid=86dcad24bf,Star     Greybuild     Exp24/11/2024,2005NissanElgrand Highway187858,24,NSW,,,,https://www.carlins.com.au/auctions/catalogues/2970165/2018-mazda-bt-50-xt-hi-rider-dual-cab-ur0yg1?filterid=86dcad24bf,,,
2005 Nissan Elgrand Highway,Nissan,Elgrand Highway,2005,187858,Van,couldnot find,Automatic,,Carlins Online,16/12/2024,https://www.carlins.com.au/auctions/catalogues/2965830/2005-nissan-elgrand-highway-star?filterid=86dcad24bf,https://www.carlins.com.au/auctions/catalogues/2965830/2005-nissan-elgrand-highway-star?filterid=86dcad24bf,Star     Greybuild     Exp24/11/2024,2005NissanElgrand Highway187858,24,NSW,,,,https://www.carlins.com.au/auctions/catalogues/2970165/2018-mazda-bt-50-xt-hi-rider-dual-cab-ur0yg1?filterid=86dcad24bf,,,
2017 Renault Trafic,Renault,Trafic,2017,214331,Van,Diesel,Manual,,Carlins Online,16/12/2024,https://www.carlins.com.au/auctions/catalogues/2958249/2017-renault-trafic-103kw-x82?filterid=86dcad24bf,https://www.carlins.com.au/auctions/catalogues/2958249/2017-renault-trafic-103kw-x82?filterid=86dcad24bf,103Kw X82 Fwd   Whitebuild     Exp27/03/2025,2017RenaultTrafic214331,24,NSW,,,,https://www.carlins.com.au/auctions/catalogues/2970165/2018-mazda-bt-50-xt-hi-rider-dual-cab-ur0yg1?filterid=86dcad24bf,,,
2017 Renault Trafic,Renault,Trafic,2017,214331,Van,Diesel,Manual,,Carlins Online,16/12/2024,https://www.carlins.com.au/auctions/catalogues/2958249/2017-renault-trafic-103kw-x82?filterid=86dcad24bf,https://www.carlins.com.au/auctions/catalogues/2958249/2017-renault-trafic-103kw-x82?filterid=86dcad24bf,103Kw X82 Fwd   Whitebuild     Exp27/03/2025,2017RenaultTrafic214331,24,NSW,,,,https://www.carlins.com.au/auctions/catalogues/2970165/2018-mazda-bt-50-xt-hi-rider-dual-cab-ur0yg1?filterid=86dcad24bf,,,
2015 Mitsubishi Triton,Mitsubishi,Triton,2015,261175,Utility,Diesel,Automatic,,Carlins Online,16/12/2024,https://www.carlins.com.au/auctions/catalogues/2972065/2015-mitsubishi-triton-glx-dual-cab-mn-my15?filterid=86dcad24bf,https://www.carlins.com.au/auctions/catalogues/2972065/2015-mitsubishi-triton-glx-dual-cab-mn-my15?filterid=86dcad24bf,Glx Dual Cab Mn My15 4Wd   Whitebuild     Exp22/06/2025,2015MitsubishiTriton261175,24,NSW,,,,https://www.carlins.com.au/auctions/catalogues/2970165/2018-mazda-bt-50-xt-hi-rider-dual-cab-ur0yg1?filterid=86dcad24bf,,,
2015 Mitsubishi Triton,Mitsubishi,Triton,2015,261175,Utility,Diesel,Automatic,,Carlins Online,16/12/2024,https://www.carlins.com.au/auctions/catalogues/2972065/2015-mitsubishi-triton-glx-dual-cab-mn-my15?filterid=86dcad24bf,https://www.carlins.com.au/auctions/catalogues/2972065/2015-mitsubishi-triton-glx-dual-cab-mn-my15?filterid=86dcad24bf,Glx Dual Cab Mn My15 4Wd   Whitebuild     Exp22/06/2025,2015MitsubishiTriton261175,24,NSW,,,,https://www.carlins.com.au/auctions/catalogues/2970165/2018-mazda-bt-50-xt-hi-rider-dual-cab-ur0yg1?filterid=86dcad24bf,,,
2019 Volkswagen Golf,Volkswagen,Golf,2019,261757,Hatchback,Petrol,Automatic,,Carlins Online,16/12/2024,https://www.carlins.com.au/auctions/catalogues/2969032/2019-volkswagen-golf-110tsi-trendline-7-5-my19-5?filterid=86dcad24bf,https://www.carlins.com.au/auctions/catalogues/2969032/2019-volkswagen-golf-110tsi-trendline-7-5-my19-5?filterid=86dcad24bf,110Tsi Trendline 7.5 My19.5 Fwd   Whitebuild2018     Exp29/09/2025,2019VolkswagenGolf261757,24,NSW,,,,https://www.carlins.com.au/auctions/catalogues/2970165/2018-mazda-bt-50-xt-hi-rider-dual-cab-ur0yg1?filterid=86dcad24bf,,,
2019 Volkswagen Golf,Volkswagen,Golf,2019,261757,Hatchback,Petrol,Automatic,,Carlins Online,16/12/2024,https://www.carlins.com.au/auctions/catalogues/2969032/2019-volkswagen-golf-110tsi-trendline-7-5-my19-5?filterid=86dcad24bf,https://www.carlins.com.au/auctions/catalogues/2969032/2019-volkswagen-golf-110tsi-trendline-7-5-my19-5?filterid=86dcad24bf,110Tsi Trendline 7.5 My19.5 Fwd   Whitebuild2018     Exp29/09/2025,2019VolkswagenGolf261757,24,NSW,,,,https://www.carlins.com.au/auctions/catalogues/2970165/2018-mazda-bt-50-xt-hi-rider-dual-cab-ur0yg1?filterid=86dcad24bf,,,
2012 Volkswagen Tiguan,Volkswagen,Tiguan,2012,121200,Wagon,Petrol,Automatic,,Carlins Online,16/12/2024,https://www.carlins.com.au/auctions/catalogues/2968718/2012-volkswagen-tiguan-155tsi-5n-my12-5?filterid=86dcad24bf,https://www.carlins.com.au/auctions/catalogues/2968718/2012-volkswagen-tiguan-155tsi-5n-my12-5?filterid=86dcad24bf,155Tsi 5N My12.5 4Wd   Blackbuild     Exp15/05/2025,2012VolkswagenTiguan121200,24,NSW,,,,https://www.carlins.com.au/auctions/catalogues/2970165/2018-mazda-bt-50-xt-hi-rider-dual-cab-ur0yg1?filterid=86dcad24bf,,,
2012 Volkswagen Tiguan,Volkswagen,Tiguan,2012,121200,Wagon,Petrol,Automatic,,Carlins Online,16/12/2024,https://www.carlins.com.au/auctions/catalogues/2968718/2012-volkswagen-tiguan-155tsi-5n-my12-5?filterid=86dcad24bf,https://www.carlins.com.au/auctions/catalogues/2968718/2012-volkswagen-tiguan-155tsi-5n-my12-5?filterid=86dcad24bf,155Tsi 5N My12.5 4Wd   Blackbuild     Exp15/05/2025,2012VolkswagenTiguan121200,24,NSW,,,,https://www.carlins.com.au/auctions/catalogues/2970165/2018-mazda-bt-50-xt-hi-rider-dual-cab-ur0yg1?filterid=86dcad24bf,,,
2017 Ldv G10 Sv7A,Ldv,G10 Sv7A,2017,117095,Wagon,Petrol,Automatic,,Carlins Online,16/12/2024,https://www.carlins.com.au/auctions/catalogues/2971404/2017-ldv-g10-sv7a?filterid=86dcad24bf,https://www.carlins.com.au/auctions/catalogues/2971404/2017-ldv-g10-sv7a?filterid=86dcad24bf,G10  Sv7A Rwd   Silverbuild     Exp11/09/2025,2017LdvG10 Sv7A117095,24,NSW,,,,https://www.carlins.com.au/auctions/catalogues/2970165/2018-mazda-bt-50-xt-hi-rider-dual-cab-ur0yg1?filterid=86dcad24bf,,,
2017 Ldv G10 Sv7A,Ldv,G10 Sv7A,2017,117095,Wagon,Petrol,Automatic,,Carlins Online,16/12/2024,https://www.carlins.com.au/auctions/catalogues/2971404/2017-ldv-g10-sv7a?filterid=86dcad24bf,https://www.carlins.com.au/auctions/catalogues/2971404/2017-ldv-g10-sv7a?filterid=86dcad24bf,G10  Sv7A Rwd   Silverbuild     Exp11/09/2025,2017LdvG10 Sv7A117095,24,NSW,,,,https://www.carlins.com.au/auctions/catalogues/2970165/2018-mazda-bt-50-xt-hi-rider-dual-cab-ur0yg1?filterid=86dcad24bf,,,
2013 Fiat Punto,Fiat,Punto,2013,94532,Hatchback,Petrol,Automatic,,Carlins Online,16/12/2024,https://www.carlins.com.au/auctions/catalogues/2965396/2013-fiat-punto-pop-my13?filterid=86dcad24bf,https://www.carlins.com.au/auctions/catalogues/2965396/2013-fiat-punto-pop-my13?filterid=86dcad24bf,Pop My13 Fwd   Redbuild     Exp09/07/2025,2013FiatPunto94532,24,NSW,,,,https://www.carlins.com.au/auctions/catalogues/2970165/2018-mazda-bt-50-xt-hi-rider-dual-cab-ur0yg1?filterid=86dcad24bf,,,
2013 Fiat Punto,Fiat,Punto,2013,94532,Hatchback,Petrol,Automatic,,Carlins Online,16/12/2024,https://www.carlins.com.au/auctions/catalogues/2965396/2013-fiat-punto-pop-my13?filterid=86dcad24bf,https://www.carlins.com.au/auctions/catalogues/2965396/2013-fiat-punto-pop-my13?filterid=86dcad24bf,Pop My13 Fwd   Redbuild     Exp09/07/2025,2013FiatPunto94532,24,NSW,,,,https://www.carlins.com.au/auctions/catalogues/2970165/2018-mazda-bt-50-xt-hi-rider-dual-cab-ur0yg1?filterid=86dcad24bf,,,
2012 Holden Captiva,Holden,Captiva,2012,143151,Wagon,Petrol,Manual,,Carlins Online,16/12/2024,https://www.carlins.com.au/auctions/catalogues/2965754/2012-holden-captiva-5-cg-series-ii?filterid=86dcad24bf,https://www.carlins.com.au/auctions/catalogues/2965754/2012-holden-captiva-5-cg-series-ii?filterid=86dcad24bf,5 Cg Series Ii Fwd   Blackbuild     Exp24/07/2025,2012HoldenCaptiva143151,24,NSW,,,,https://www.carlins.com.au/auctions/catalogues/2970165/2018-mazda-bt-50-xt-hi-rider-dual-cab-ur0yg1?filterid=86dcad24bf,,,
2012 Holden Captiva,Holden,Captiva,2012,143151,Wagon,Petrol,Manual,,Carlins Online,16/12/2024,https://www.carlins.com.au/auctions/catalogues/2965754/2012-holden-captiva-5-cg-series-ii?filterid=86dcad24bf,https://www.carlins.com.au/auctions/catalogues/2965754/2012-holden-captiva-5-cg-series-ii?filterid=86dcad24bf,5 Cg Series Ii Fwd   Blackbuild     Exp24/07/2025,2012HoldenCaptiva143151,24,NSW,,,,https://www.carlins.com.au/auctions/catalogues/2970165/2018-mazda-bt-50-xt-hi-rider-dual-cab-ur0yg1?filterid=86dcad24bf,,,
2010 Honda Odyssey,Honda,Odyssey,2010,190060,Wagon,Petrol,Automatic,,Carlins Online,16/12/2024,https://www.carlins.com.au/auctions/catalogues/2965310/2010-honda-odyssey-4th-gen-my10?filterid=86dcad24bf,https://www.carlins.com.au/auctions/catalogues/2965310/2010-honda-odyssey-4th-gen-my10?filterid=86dcad24bf,4Th Gen My10 Fwd   Silverbuild     Exp20/12/2024,2010HondaOdyssey190060,24,NSW,,,,https://www.carlins.com.au/auctions/catalogues/2970165/2018-mazda-bt-50-xt-hi-rider-dual-cab-ur0yg1?filterid=86dcad24bf,,,
2010 Honda Odyssey,Honda,Odyssey,2010,190060,Wagon,Petrol,Automatic,,Carlins Online,16/12/2024,https://www.carlins.com.au/auctions/catalogues/2965310/2010-honda-odyssey-4th-gen-my10?filterid=86dcad24bf,https://www.carlins.com.au/auctions/catalogues/2965310/2010-honda-odyssey-4th-gen-my10?filterid=86dcad24bf,4Th Gen My10 Fwd   Silverbuild     Exp20/12/2024,2010HondaOdyssey190060,24,NSW,,,,https://www.carlins.com.au/auctions/catalogues/2970165/2018-mazda-bt-50-xt-hi-rider-dual-cab-ur0yg1?filterid=86dcad24bf,,,
2009 Subaru Outback,Subaru,Outback,2009,243716,Van,Petrol,Automatic,,Carlins Online,16/12/2024,https://www.carlins.com.au/auctions/catalogues/2965857/2009-subaru-outback-3-6r-b5a-my10?filterid=86dcad24bf,https://www.carlins.com.au/auctions/catalogues/2965857/2009-subaru-outback-3-6r-b5a-my10?filterid=86dcad24bf,3.6R B5A My10 4Wd   Whitebuild     Exp08/04/2025,2009SubaruOutback243716,24,NSW,,,,https://www.carlins.com.au/auctions/catalogues/2970165/2018-mazda-bt-50-xt-hi-rider-dual-cab-ur0yg1?filterid=86dcad24bf,,,
2009 Subaru Outback,Subaru,Outback,2009,243716,Van,Petrol,Automatic,,Carlins Online,16/12/2024,https://www.carlins.com.au/auctions/catalogues/2965857/2009-subaru-outback-3-6r-b5a-my10?filterid=86dcad24bf,https://www.carlins.com.au/auctions/catalogues/2965857/2009-subaru-outback-3-6r-b5a-my10?filterid=86dcad24bf,3.6R B5A My10 4Wd   Whitebuild     Exp08/04/2025,2009SubaruOutback243716,24,NSW,,,,https://www.carlins.com.au/auctions/catalogues/2970165/2018-mazda-bt-50-xt-hi-rider-dual-cab-ur0yg1?filterid=86dcad24bf,,,
2012 Ford Kuga,Ford,Kuga,2012,204184,Wagon,Petrol,Automatic,,Carlins Online,16/12/2024,https://www.carlins.com.au/auctions/catalogues/2952556/2012-ford-kuga-trend-te?filterid=86dcad24bf,https://www.carlins.com.au/auctions/catalogues/2952556/2012-ford-kuga-trend-te?filterid=86dcad24bf,Trend Te 4Wd   Orangebuild     Exp25/10/2024,2012FordKuga204184,24,NSW,,,,https://www.carlins.com.au/auctions/catalogues/2970165/2018-mazda-bt-50-xt-hi-rider-dual-cab-ur0yg1?filterid=86dcad24bf,,,
2012 Ford Kuga,Ford,Kuga,2012,204184,Wagon,Petrol,Automatic,,Carlins Online,16/12/2024,https://www.carlins.com.au/auctions/catalogues/2952556/2012-ford-kuga-trend-te?filterid=86dcad24bf,https://www.carlins.com.au/auctions/catalogues/2952556/2012-ford-kuga-trend-te?filterid=86dcad24bf,Trend Te 4Wd   Orangebuild     Exp25/10/2024,2012FordKuga204184,24,NSW,,,,https://www.carlins.com.au/auctions/catalogues/2970165/2018-mazda-bt-50-xt-hi-rider-dual-cab-ur0yg1?filterid=86dcad24bf,,,
2012 Mazda 3,Mazda,3,2012,131380,Sedan,Petrol,Automatic,,Carlins Online,16/12/2024,https://www.carlins.com.au/auctions/catalogues/2972225/2012-mazda-3-maxx-sport-bl10f2?filterid=86dcad24bf,https://www.carlins.com.au/auctions/catalogues/2972225/2012-mazda-3-maxx-sport-bl10f2?filterid=86dcad24bf,"Maxx Sport Bl10F2 Fwd   Blackbuild   11,80  Exp2/01/2025",2012Mazda3131380,24,NSW,,,,https://www.carlins.com.au/auctions/catalogues/2970165/2018-mazda-bt-50-xt-hi-rider-dual-cab-ur0yg1?filterid=86dcad24bf,,,
2012 Mazda 3,Mazda,3,2012,131380,Sedan,Petrol,Automatic,,Carlins Online,16/12/2024,https://www.carlins.com.au/auctions/catalogues/2972225/2012-mazda-3-maxx-sport-bl10f2?filterid=86dcad24bf,https://www.carlins.com.au/auctions/catalogues/2972225/2012-mazda-3-maxx-sport-bl10f2?filterid=86dcad24bf,"Maxx Sport Bl10F2 Fwd   Blackbuild   11,80  Exp2/01/2025",2012Mazda3131380,24,NSW,,,,https://www.carlins.com.au/auctions/catalogues/2970165/2018-mazda-bt-50-xt-hi-rider-dual-cab-ur0yg1?filterid=86dcad24bf,,,
2010 Volkswagen Jetta,Volkswagen,Jetta,2010,195474,Sedan,Diesel,Automatic,,Carlins Online,16/12/2024,https://www.carlins.com.au/auctions/catalogues/2964641/2010-volkswagen-jetta-125tdi-highline-1km-my10?filterid=86dcad24bf,https://www.carlins.com.au/auctions/catalogues/2964641/2010-volkswagen-jetta-125tdi-highline-1km-my10?filterid=86dcad24bf,125Tdi Highline 1 My10 Fwd   Blackbuild     Exp10/09/2025,2010VolkswagenJetta195474,24,NSW,,,,https://www.carlins.com.au/auctions/catalogues/2970165/2018-mazda-bt-50-xt-hi-rider-dual-cab-ur0yg1?filterid=86dcad24bf,,,
2010 Volkswagen Jetta,Volkswagen,Jetta,2010,195474,Sedan,Diesel,Automatic,,Carlins Online,16/12/2024,https://www.carlins.com.au/auctions/catalogues/2964641/2010-volkswagen-jetta-125tdi-highline-1km-my10?filterid=86dcad24bf,https://www.carlins.com.au/auctions/catalogues/2964641/2010-volkswagen-jetta-125tdi-highline-1km-my10?filterid=86dcad24bf,125Tdi Highline 1 My10 Fwd   Blackbuild     Exp10/09/2025,2010VolkswagenJetta195474,24,NSW,,,,https://www.carlins.com.au/auctions/catalogues/2970165/2018-mazda-bt-50-xt-hi-rider-dual-cab-ur0yg1?filterid=86dcad24bf,,,
2013 Subaru Forester,Subaru,Forester,2013,165039,Wagon,Petrol,Automatic,,Carlins Online,16/12/2024,https://www.carlins.com.au/auctions/catalogues/2968200/2013-subaru-forester-2-5i-s4-my13?filterid=86dcad24bf,https://www.carlins.com.au/auctions/catalogues/2968200/2013-subaru-forester-2-5i-s4-my13?filterid=86dcad24bf,2.5I S4 My13 4Wd   Whitebuild     Exp02/06/2025,2013SubaruForester165039,24,NSW,,,,https://www.carlins.com.au/auctions/catalogues/2970165/2018-mazda-bt-50-xt-hi-rider-dual-cab-ur0yg1?filterid=86dcad24bf,,,
2013 Subaru Forester,Subaru,Forester,2013,165039,Wagon,Petrol,Automatic,,Carlins Online,16/12/2024,https://www.carlins.com.au/auctions/catalogues/2968200/2013-subaru-forester-2-5i-s4-my13?filterid=86dcad24bf,https://www.carlins.com.au/auctions/catalogues/2968200/2013-subaru-forester-2-5i-s4-my13?filterid=86dcad24bf,2.5I S4 My13 4Wd   Whitebuild     Exp02/06/2025,2013SubaruForester165039,24,NSW,,,,https://www.carlins.com.au/auctions/catalogues/2970165/2018-mazda-bt-50-xt-hi-rider-dual-cab-ur0yg1?filterid=86dcad24bf,,,
2010 Nissan Navara,Nissan,Navara,2010,247443,Utility,Diesel,Automatic,,Carlins Online,16/12/2024,https://www.carlins.com.au/auctions/catalogues/2968321/2010-nissan-navara-st-dual-cab-d40?filterid=86dcad24bf,https://www.carlins.com.au/auctions/catalogues/2968321/2010-nissan-navara-st-dual-cab-d40?filterid=86dcad24bf,St Dual Cab D40 4Wd   Whitebuild2009     Exp19/04/2025,2010NissanNavara247443,24,NSW,,,,https://www.carlins.com.au/auctions/catalogues/2970165/2018-mazda-bt-50-xt-hi-rider-dual-cab-ur0yg1?filterid=86dcad24bf,,,
2010 Nissan Navara,Nissan,Navara,2010,247443,Utility,Diesel,Automatic,,Carlins Online,16/12/2024,https://www.carlins.com.au/auctions/catalogues/2968321/2010-nissan-navara-st-dual-cab-d40?filterid=86dcad24bf,https://www.carlins.com.au/auctions/catalogues/2968321/2010-nissan-navara-st-dual-cab-d40?filterid=86dcad24bf,St Dual Cab D40 4Wd   Whitebuild2009     Exp19/04/2025,2010NissanNavara247443,24,NSW,,,,https://www.carlins.com.au/auctions/catalogues/2970165/2018-mazda-bt-50-xt-hi-rider-dual-cab-ur0yg1?filterid=86dcad24bf,,,
2014 Volkswagen Amarok,Volkswagen,Amarok,2014,242074,Utility,Diesel,Manual,,Carlins Online,16/12/2024,https://www.carlins.com.au/auctions/catalogues/2961817/2014-volkswagen-amarok-tdi400-trendline-dua-2h-my14?filterid=86dcad24bf,https://www.carlins.com.au/auctions/catalogues/2961817/2014-volkswagen-amarok-tdi400-trendline-dua-2h-my14?filterid=86dcad24bf,Tdi400 Trendline Dua 2H My14 4Wd   Brownbuild     Exp06/10/2025,2014VolkswagenAmarok242074,24,NSW,,,,https://www.carlins.com.au/auctions/catalogues/2970165/2018-mazda-bt-50-xt-hi-rider-dual-cab-ur0yg1?filterid=86dcad24bf,,,
2014 Volkswagen Amarok,Volkswagen,Amarok,2014,242074,Utility,Diesel,Manual,,Carlins Online,16/12/2024,https://www.carlins.com.au/auctions/catalogues/2961817/2014-volkswagen-amarok-tdi400-trendline-dua-2h-my14?filterid=86dcad24bf,https://www.carlins.com.au/auctions/catalogues/2961817/2014-volkswagen-amarok-tdi400-trendline-dua-2h-my14?filterid=86dcad24bf,Tdi400 Trendline Dua 2H My14 4Wd   Brownbuild     Exp06/10/2025,2014VolkswagenAmarok242074,24,NSW,,,,https://www.carlins.com.au/auctions/catalogues/2970165/2018-mazda-bt-50-xt-hi-rider-dual-cab-ur0yg1?filterid=86dcad24bf,,,
2008 Volkswagen Golf,Volkswagen,Golf,2008,167379,Hatchback,Petrol,Automatic,,Carlins Online,16/12/2024,https://www.carlins.com.au/auctions/catalogues/2965997/2008-volkswagen-golf-comfortline-v-my08?filterid=86dcad24bf,https://www.carlins.com.au/auctions/catalogues/2965997/2008-volkswagen-golf-comfortline-v-my08?filterid=86dcad24bf,Comfortline V My08 Fwd   Blackbuild     Exp22/12/2024,2008VolkswagenGolf167379,24,NSW,,,,https://www.carlins.com.au/auctions/catalogues/2970165/2018-mazda-bt-50-xt-hi-rider-dual-cab-ur0yg1?filterid=86dcad24bf,,,
2008 Volkswagen Golf,Volkswagen,Golf,2008,167379,Hatchback,Petrol,Automatic,,Carlins Online,16/12/2024,https://www.carlins.com.au/auctions/catalogues/2965997/2008-volkswagen-golf-comfortline-v-my08?filterid=86dcad24bf,https://www.carlins.com.au/auctions/catalogues/2965997/2008-volkswagen-golf-comfortline-v-my08?filterid=86dcad24bf,Comfortline V My08 Fwd   Blackbuild     Exp22/12/2024,2008VolkswagenGolf167379,24,NSW,,,,https://www.carlins.com.au/auctions/catalogues/2970165/2018-mazda-bt-50-xt-hi-rider-dual-cab-ur0yg1?filterid=86dcad24bf,,,
2016 Subaru Outback,Subaru,Outback,2016,151245,Wagon,Petrol,Automatic,,Carlins Online,16/12/2024,https://www.carlins.com.au/auctions/catalogues/2968657/2016-subaru-outback-2-5i-premium-b6a-my16?filterid=86dcad24bf,https://www.carlins.com.au/auctions/catalogues/2968657/2016-subaru-outback-2-5i-premium-b6a-my16?filterid=86dcad24bf,2.5I Premium B6A My16 4Wd   Silverbuild     Exp23/10/2025,2016SubaruOutback151245,24,NSW,,,,https://www.carlins.com.au/auctions/catalogues/2970165/2018-mazda-bt-50-xt-hi-rider-dual-cab-ur0yg1?filterid=86dcad24bf,,,
2016 Subaru Outback,Subaru,Outback,2016,151245,Wagon,Petrol,Automatic,,Carlins Online,16/12/2024,https://www.carlins.com.au/auctions/catalogues/2968657/2016-subaru-outback-2-5i-premium-b6a-my16?filterid=86dcad24bf,https://www.carlins.com.au/auctions/catalogues/2968657/2016-subaru-outback-2-5i-premium-b6a-my16?filterid=86dcad24bf,2.5I Premium B6A My16 4Wd   Silverbuild     Exp23/10/2025,2016SubaruOutback151245,24,NSW,,,,https://www.carlins.com.au/auctions/catalogues/2970165/2018-mazda-bt-50-xt-hi-rider-dual-cab-ur0yg1?filterid=86dcad24bf,,,
2016 Toyota Corolla,Toyota,Corolla,2016,153165,Hatchback,Petrol,Manual,,Carlins Online,16/12/2024,https://www.carlins.com.au/auctions/catalogues/2970905/2016-toyota-corolla-ascent-sport-zre182r?filterid=86dcad24bf,https://www.carlins.com.au/auctions/catalogues/2970905/2016-toyota-corolla-ascent-sport-zre182r?filterid=86dcad24bf,Ascent Sport Zre182R Fwd   Whitebuild2015     Exp13/06/2025,2016ToyotaCorolla153165,24,NSW,,,,https://www.carlins.com.au/auctions/catalogues/2970165/2018-mazda-bt-50-xt-hi-rider-dual-cab-ur0yg1?filterid=86dcad24bf,,,
2016 Toyota Corolla,Toyota,Corolla,2016,153165,Hatchback,Petrol,Manual,,Carlins Online,16/12/2024,https://www.carlins.com.au/auctions/catalogues/2970905/2016-toyota-corolla-ascent-sport-zre182r?filterid=86dcad24bf,https://www.carlins.com.au/auctions/catalogues/2970905/2016-toyota-corolla-ascent-sport-zre182r?filterid=86dcad24bf,Ascent Sport Zre182R Fwd   Whitebuild2015     Exp13/06/2025,2016ToyotaCorolla153165,24,NSW,,,,https://www.carlins.com.au/auctions/catalogues/2970165/2018-mazda-bt-50-xt-hi-rider-dual-cab-ur0yg1?filterid=86dcad24bf,,,
2015 Renault Megane,Renault,Megane,2015,109373,Hatchback,Petrol,Automatic,,Carlins Online,16/12/2024,https://www.carlins.com.au/auctions/catalogues/2965271/2015-renault-megane-gt-line-iii-b95-phase-2?filterid=86dcad24bf,https://www.carlins.com.au/auctions/catalogues/2965271/2015-renault-megane-gt-line-iii-b95-phase-2?filterid=86dcad24bf,Gt-Line Iii B95 Phase 2 Fwd   Blackbuild     Exp08/10/2024,2015RenaultMegane109373,24,NSW,,,,https://www.carlins.com.au/auctions/catalogues/2970165/2018-mazda-bt-50-xt-hi-rider-dual-cab-ur0yg1?filterid=86dcad24bf,,,
2015 Renault Megane,Renault,Megane,2015,109373,Hatchback,Petrol,Automatic,,Carlins Online,16/12/2024,https://www.carlins.com.au/auctions/catalogues/2965271/2015-renault-megane-gt-line-iii-b95-phase-2?filterid=86dcad24bf,https://www.carlins.com.au/auctions/catalogues/2965271/2015-renault-megane-gt-line-iii-b95-phase-2?filterid=86dcad24bf,Gt-Line Iii B95 Phase 2 Fwd   Blackbuild     Exp08/10/2024,2015RenaultMegane109373,24,NSW,,,,https://www.carlins.com.au/auctions/catalogues/2970165/2018-mazda-bt-50-xt-hi-rider-dual-cab-ur0yg1?filterid=86dcad24bf,,,
2009 Subaru Impreza,Subaru,Impreza,2009,214203,Sedan,Petrol,Automatic,,Carlins Online,16/12/2024,https://www.carlins.com.au/auctions/catalogues/2956394/2009-subaru-impreza-rs-g3-my09?filterid=86dcad24bf,https://www.carlins.com.au/auctions/catalogues/2956394/2009-subaru-impreza-rs-g3-my09?filterid=86dcad24bf,Rs G3 My09 4Wd   Whitebuild     Exp21/07/2025,2009SubaruImpreza214203,24,NSW,,,,https://www.carlins.com.au/auctions/catalogues/2970165/2018-mazda-bt-50-xt-hi-rider-dual-cab-ur0yg1?filterid=86dcad24bf,,,
2009 Subaru Impreza,Subaru,Impreza,2009,214203,Sedan,Petrol,Automatic,,Carlins Online,16/12/2024,https://www.carlins.com.au/auctions/catalogues/2956394/2009-subaru-impreza-rs-g3-my09?filterid=86dcad24bf,https://www.carlins.com.au/auctions/catalogues/2956394/2009-subaru-impreza-rs-g3-my09?filterid=86dcad24bf,Rs G3 My09 4Wd   Whitebuild     Exp21/07/2025,2009SubaruImpreza214203,24,NSW,,,,https://www.carlins.com.au/auctions/catalogues/2970165/2018-mazda-bt-50-xt-hi-rider-dual-cab-ur0yg1?filterid=86dcad24bf,,,
2014 Audi A4,Audi,A4,2014,149049,Wagon,Petrol,Automatic,,Carlins Online,16/12/2024,https://www.carlins.com.au/auctions/catalogues/2961789/2014-audi-a4-b8-8k-my14?filterid=86dcad24bf,https://www.carlins.com.au/auctions/catalogues/2961789/2014-audi-a4-b8-8k-my14?filterid=86dcad24bf,B8 8K My14 4Wd   Greybuild     Exp13/02/2025,2014AudiA4149049,24,NSW,,,,https://www.carlins.com.au/auctions/catalogues/2970165/2018-mazda-bt-50-xt-hi-rider-dual-cab-ur0yg1?filterid=86dcad24bf,,,
2014 Audi A4,Audi,A4,2014,149049,Wagon,Petrol,Automatic,,Carlins Online,16/12/2024,https://www.carlins.com.au/auctions/catalogues/2961789/2014-audi-a4-b8-8k-my14?filterid=86dcad24bf,https://www.carlins.com.au/auctions/catalogues/2961789/2014-audi-a4-b8-8k-my14?filterid=86dcad24bf,B8 8K My14 4Wd   Greybuild     Exp13/02/2025,2014AudiA4149049,24,NSW,,,,https://www.carlins.com.au/auctions/catalogues/2970165/2018-mazda-bt-50-xt-hi-rider-dual-cab-ur0yg1?filterid=86dcad24bf,,,
2011 Jeep Grand Cherokee,Jeep,Grand Cherokee,2011,214574,Wagon,Diesel,Automatic,,Carlins Online,16/12/2024,https://www.carlins.com.au/auctions/catalogues/2965760/2011-jeep-grand-cherokee-limited-wk-my2011?filterid=86dcad24bf,https://www.carlins.com.au/auctions/catalogues/2965760/2011-jeep-grand-cherokee-limited-wk-my2011?filterid=86dcad24bf,Limited Wk My 4Wd   Greybuild     Exp27/10/2024,2011JeepGrand Cherokee214574,24,NSW,,,,https://www.carlins.com.au/auctions/catalogues/2970165/2018-mazda-bt-50-xt-hi-rider-dual-cab-ur0yg1?filterid=86dcad24bf,,,
2011 Jeep Grand Cherokee,Jeep,Grand Cherokee,2011,214574,Wagon,Diesel,Automatic,,Carlins Online,16/12/2024,https://www.carlins.com.au/auctions/catalogues/2965760/2011-jeep-grand-cherokee-limited-wk-my2011?filterid=86dcad24bf,https://www.carlins.com.au/auctions/catalogues/2965760/2011-jeep-grand-cherokee-limited-wk-my2011?filterid=86dcad24bf,Limited Wk My 4Wd   Greybuild     Exp27/10/2024,2011JeepGrand Cherokee214574,24,NSW,,,,https://www.carlins.com.au/auctions/catalogues/2970165/2018-mazda-bt-50-xt-hi-rider-dual-cab-ur0yg1?filterid=86dcad24bf,,,
2016 Mitsubishi Asx Ls,Mitsubishi,Asx Ls,2016,118556,Wagon,Diesel,Automatic,,Carlins Online,16/12/2024,https://www.carlins.com.au/auctions/catalogues/2970841/2016-mitsubishi-asx-ls-xb-my15-5?filterid=86dcad24bf,https://www.carlins.com.au/auctions/catalogues/2970841/2016-mitsubishi-asx-ls-xb-my15-5?filterid=86dcad24bf,Xb My15.5 4Wd   Silverbuild2015     Exp17/04/2025,2016MitsubishiAsx Ls118556,24,NSW,,,,https://www.carlins.com.au/auctions/catalogues/2970165/2018-mazda-bt-50-xt-hi-rider-dual-cab-ur0yg1?filterid=86dcad24bf,,,
2016 Mitsubishi Asx Ls,Mitsubishi,Asx Ls,2016,118556,Wagon,Diesel,Automatic,,Carlins Online,16/12/2024,https://www.carlins.com.au/auctions/catalogues/2970841/2016-mitsubishi-asx-ls-xb-my15-5?filterid=86dcad24bf,https://www.carlins.com.au/auctions/catalogues/2970841/2016-mitsubishi-asx-ls-xb-my15-5?filterid=86dcad24bf,Xb My15.5 4Wd   Silverbuild2015     Exp17/04/2025,2016MitsubishiAsx Ls118556,24,NSW,,,,https://www.carlins.com.au/auctions/catalogues/2970165/2018-mazda-bt-50-xt-hi-rider-dual-cab-ur0yg1?filterid=86dcad24bf,,,
2015 Holden Colorado,Holden,Colorado,2015,139205,Utility,Diesel,Automatic,,Carlins Online,16/12/2024,https://www.carlins.com.au/auctions/catalogues/2965427/2015-holden-colorado-ls-x-dual-cab-rg-my16?filterid=86dcad24bf,https://www.carlins.com.au/auctions/catalogues/2965427/2015-holden-colorado-ls-x-dual-cab-rg-my16?filterid=86dcad24bf,Ls-X Dual Cab Rg My16 4Wd   Maroonbuild     Exp01/12/2024,2015HoldenColorado139205,24,NSW,,,,https://www.carlins.com.au/auctions/catalogues/2970165/2018-mazda-bt-50-xt-hi-rider-dual-cab-ur0yg1?filterid=86dcad24bf,,,
2015 Holden Colorado,Holden,Colorado,2015,139205,Utility,Diesel,Automatic,,Carlins Online,16/12/2024,https://www.carlins.com.au/auctions/catalogues/2965427/2015-holden-colorado-ls-x-dual-cab-rg-my16?filterid=86dcad24bf,https://www.carlins.com.au/auctions/catalogues/2965427/2015-holden-colorado-ls-x-dual-cab-rg-my16?filterid=86dcad24bf,Ls-X Dual Cab Rg My16 4Wd   Maroonbuild     Exp01/12/2024,2015HoldenColorado139205,24,NSW,,,,https://www.carlins.com.au/auctions/catalogues/2970165/2018-mazda-bt-50-xt-hi-rider-dual-cab-ur0yg1?filterid=86dcad24bf,,,
2015 Ford Focus,Ford,Focus,2015,182796,Hatchback,Petrol,Manual,,Carlins Online,16/12/2024,https://www.carlins.com.au/auctions/catalogues/2953225/2015-ford-focus-trend-lz?filterid=86dcad24bf,https://www.carlins.com.au/auctions/catalogues/2953225/2015-ford-focus-trend-lz?filterid=86dcad24bf,Trend Lz Fwd   Silverbuild     Exp08/06/2025,2015FordFocus182796,24,NSW,,,,https://www.carlins.com.au/auctions/catalogues/2970165/2018-mazda-bt-50-xt-hi-rider-dual-cab-ur0yg1?filterid=86dcad24bf,,,
2015 Ford Focus,Ford,Focus,2015,182796,Hatchback,Petrol,Manual,,Carlins Online,16/12/2024,https://www.carlins.com.au/auctions/catalogues/2953225/2015-ford-focus-trend-lz?filterid=86dcad24bf,https://www.carlins.com.au/auctions/catalogues/2953225/2015-ford-focus-trend-lz?filterid=86dcad24bf,Trend Lz Fwd   Silverbuild     Exp08/06/2025,2015FordFocus182796,24,NSW,,,,https://www.carlins.com.au/auctions/catalogues/2970165/2018-mazda-bt-50-xt-hi-rider-dual-cab-ur0yg1?filterid=86dcad24bf,,,
2009 Subaru Tribeca R,Subaru,Tribeca R,2009,122569,Wagon,Petrol,Automatic,,Carlins Online,16/12/2024,https://www.carlins.com.au/auctions/catalogues/2971213/2009-subaru-tribeca-r-premium-pack-b9-my10?filterid=86dcad24bf,https://www.carlins.com.au/auctions/catalogues/2971213/2009-subaru-tribeca-r-premium-pack-b9-my10?filterid=86dcad24bf,Premium Pack B9 My10 4Wd   Silverbuild     Exp20/12/2024,2009SubaruTribeca R122569,24,NSW,,,,https://www.carlins.com.au/auctions/catalogues/2970165/2018-mazda-bt-50-xt-hi-rider-dual-cab-ur0yg1?filterid=86dcad24bf,,,
2009 Subaru Tribeca R,Subaru,Tribeca R,2009,122569,Wagon,Petrol,Automatic,,Carlins Online,16/12/2024,https://www.carlins.com.au/auctions/catalogues/2971213/2009-subaru-tribeca-r-premium-pack-b9-my10?filterid=86dcad24bf,https://www.carlins.com.au/auctions/catalogues/2971213/2009-subaru-tribeca-r-premium-pack-b9-my10?filterid=86dcad24bf,Premium Pack B9 My10 4Wd   Silverbuild     Exp20/12/2024,2009SubaruTribeca R122569,24,NSW,,,,https://www.carlins.com.au/auctions/catalogues/2970165/2018-mazda-bt-50-xt-hi-rider-dual-cab-ur0yg1?filterid=86dcad24bf,,,
2013 Toyota Camry,Toyota,Camry,2013,151920,Sedan,Petrol,Automatic,,Carlins Online,16/12/2024,https://www.carlins.com.au/auctions/catalogues/2968755/2013-toyota-camry-atara-sx-asv50r?filterid=86dcad24bf,https://www.carlins.com.au/auctions/catalogues/2968755/2013-toyota-camry-atara-sx-asv50r?filterid=86dcad24bf,Atara Sx Asv50R Fwd   Silverbuild     Exp16/03/2025,2013ToyotaCamry151920,24,NSW,,,,https://www.carlins.com.au/auctions/catalogues/2970165/2018-mazda-bt-50-xt-hi-rider-dual-cab-ur0yg1?filterid=86dcad24bf,,,
2013 Toyota Camry,Toyota,Camry,2013,151920,Sedan,Petrol,Automatic,,Carlins Online,16/12/2024,https://www.carlins.com.au/auctions/catalogues/2968755/2013-toyota-camry-atara-sx-asv50r?filterid=86dcad24bf,https://www.carlins.com.au/auctions/catalogues/2968755/2013-toyota-camry-atara-sx-asv50r?filterid=86dcad24bf,Atara Sx Asv50R Fwd   Silverbuild     Exp16/03/2025,2013ToyotaCamry151920,24,NSW,,,,https://www.carlins.com.au/auctions/catalogues/2970165/2018-mazda-bt-50-xt-hi-rider-dual-cab-ur0yg1?filterid=86dcad24bf,,,
2016 Volkswagen Polo,Volkswagen,Polo,2016,234081,Hatchback,Petrol,Automatic,,Carlins Online,16/12/2024,https://www.carlins.com.au/auctions/catalogues/2936922/2016-volkswagen-polo-81tsi-comfortline-6r-my16?filterid=86dcad24bf,https://www.carlins.com.au/auctions/catalogues/2936922/2016-volkswagen-polo-81tsi-comfortline-6r-my16?filterid=86dcad24bf,81Tsi Comfortline 6R My16 Fwd   Greybuild2015     Exp26/09/2024,2016VolkswagenPolo234081,24,NSW,,,,https://www.carlins.com.au/auctions/catalogues/2970165/2018-mazda-bt-50-xt-hi-rider-dual-cab-ur0yg1?filterid=86dcad24bf,,,
2016 Volkswagen Polo,Volkswagen,Polo,2016,234081,Hatchback,Petrol,Automatic,,Carlins Online,16/12/2024,https://www.carlins.com.au/auctions/catalogues/2936922/2016-volkswagen-polo-81tsi-comfortline-6r-my16?filterid=86dcad24bf,https://www.carlins.com.au/auctions/catalogues/2936922/2016-volkswagen-polo-81tsi-comfortline-6r-my16?filterid=86dcad24bf,81Tsi Comfortline 6R My16 Fwd   Greybuild2015     Exp26/09/2024,2016VolkswagenPolo234081,24,NSW,,,,https://www.carlins.com.au/auctions/catalogues/2970165/2018-mazda-bt-50-xt-hi-rider-dual-cab-ur0yg1?filterid=86dcad24bf,,,